id,label
0,yesterday which from glinging health from his steel to you to day you see her for your own tomorrow all refle the exiity about money the day after to our old dyiah tribe of a sland lawrer the day after that the misfortune of some friend then he of the prevailing weather then something that is been broke in their loss than you a husk of some friend then he of the prevailing weather then something that is been broke in their loss than you a husk of some friend then he of the prevailing weather then something that is been broke in their loss than you a husk of some friend then he of the prevailin
1,we were more entrested in a sundlegocrocondition of the station that in the commercial one
2,so sighed but i must have money to denounce what
3,and the gardens my brobbing the company i'll say that i saved through the heavy loves one day
4,but they could not have proving it tase against lucy that she was in a sin and although thrughts of the resting her were properly of the bluff
5,the row human divetation as this the lower nests unless shady
6,almost instantly less forced to the top
7,when she wonder if she could laugh about it would be now
8,i mistrry i don't know much to god to lay in the lize
9,followed humbid no more who had been levied by the covony antics where presuaded to engrace the world coals and with this combined force he hastened to attack nor devil cow who liared parth with an army of six thousand coat a simbold upon the fast nears of the arish and vasion
10,and the modern mock instructed plath he simply rings up and i mugged nor hf thinkit in cosim what he has gone to dear it anything mere match
11,it was spacially suited for a child platballso in the army bins when a neal respict or eight lamps to the horsebow mhat was consider sundred fortin regulation
12,in its indeed hatred that the importance of tact and skill in the training of the young and of cultivating their reason and securing their affection can not be overrated
13,extenge wish brands were lying around a spring the awfuls of a dear was scattered about the place in a trees were evident marks of having been browsed by the horsest
14,why bannester was servant what's his game in the mountain
15,there be stink to charact there's however displayed one broad and a hundfaming difference
16,we is to dispute about it to the relagin
17,oh jell examined this curious contrivance with wonder
18,geogman dear posts whereupon sandy anne invital right of thirtley
19,there came upon the assemble joc when i heard these words which exceeded anything which i am you fell
20,to this weuld reply and wandered only
21,for in the rest of the work the power of the whim which seems the flail whom and legin form is for the given up
22,i never coured eacoss orgalonious nuss
23,when all the busine creaty joyce
24,silas swunkehoway that a word of protest ambrode stood ground evidently then on the heesupice and nail leaft there seeing that i was in the way i walked aside poor to the last orth lower in oith the room
25,it is the only a men were pass of you for the wrong yo have done me
26,millis either roughly one twenty fifth of the mans
27,she was therefore most agreeably surprised to hear mister cress will express himself so cordially as approving of negro additation
28,i see it quantity of chairs for higher at the rage of wife shoe and reading the newspaper and the shade of the shade of the shries girls and men breakfast tiny iither alone or in company waiters who were rapidly going on the wood down an narrow staircase hidden than to perfoliage
29,what you had best drew my sharp is to keep it and pray to it that sins it was a wickness to your own during while daing to thendicato cause by switches scutchwrent
30,a buman all things i desire to settle the mercy iirely and disgreetly
31,each day has its own great green forwards the little care
32,and this case as a most others what may be taken a certain and advance is rather vey
33,he had not the door called here's his interest tom
34,that's the way with you that's the road he d all like to go had larns to ruin
35,guided by you how we might stroll towards stead our only music when another spread through gardens intimate with holly ox whose silent popu's burn between the woods by pools where burchased ben to confidence of the green waters stunned and lily pleased
36,how di navy wondering are you to be genuine a cities
37,there is a heavy storm to guard i cried pouring into wards the berrise it
38,there was me a doubt he received you printed all for in fact he returned without his permission
39,we were seemed in the little office by a man made markham who was the chair
40,the wind diccerntly bring back to color to the squires's cheeks
41,taby had lived with them for ten or twelve years and was as shortly expressive one of the family
42,i mutt neir of the broad tas a clever intelligent marked surrewman who keeps his dreamy scoop in the plaimers and from her occupation for experience and excellent sense ones the position of a relands don't tress a nerves and as such has been afraid in many a time of trial and second his endeath in the household round to me a carefer christian mirace and as such has been afraid in many a time of trial and second his endeath in the household round to me a carefer christian mirace and as such has been afraid in many a time of trial and second his endeath in the household round to me a carefer chr
43,once an action is laiding at a tast from an infant return and trenchmen
44,i didn't show you some pretty lips
45,negot many of the deck you of a form
46,some times i don't want to do anything at all and sometimes i want to pull t four corners of the divide together he threw out his arm and brought it back with a jork so i could tableclu
47,it's death remained in veri bull still for or at most side father's and although its bodin was a situatly drenched it was only to prove it baron of marine production of any time
48,poyseer is not a noblemasy
49,she's on her than i am but so ten henry and sad and shy but she seems like a child
50,it is by no means always were liable almost everybody has at sometime experienced the well enoulution that all that his happening now and before at some time
51,the bandacools were sure this and the englishman instancing india became quite eloquent missus grey was mister five but hardly dared amid the general trend of the conversation soon to be that most individuals needed to be submitted to the sharp r school hay before being allowed monsieur ducation and as for the most individuals needed to be submitted to the sharp r school hay before being allowed monsieur ducation and as for the most individuals needed to be submitted to the sharp r school hay before being allowed monsieur ducation and as for the most individuals needed to be submitted to the s
52,i like to talk to call all about you the more than wanted fellow conduted i
53,we have always bached that her horse sometimes a courage as ought and at least is simple in his full due a ceptaining fulfilled marriage
54,why did my dear actson
55,they prete hope thoubled hearty with tree his prait with the ground
56,when the music by its bursts of molity carried away these a less true asteansters and the sympal until her pantamime of that period only the more natural our count of the very undifferent senting of the argust actors had reached its commonating plint of trial the theater ship with conaltuous appllaus
57,she just nettered at manybody know
58,but take it most i live and where much they shase said the days when my eyes can be rejoiced by so great a sight for you will nere disgrace are stucch and i white me
59,one of the sailors led me to the afterdact where i stood in the pleasants of a small looking officer who extended his hand to me
60,but in this being at copyer contemna you other two pinstfors but out perfectly
61,yes and something better something still my aunter most surely follow or wherefore should they thus ornament me
62,but now here is a subject of which he will wonder at first why tonidard it all
63,a more dreary and showed what dis young and family party a never sat it table
64,the came stood up and called for that song which beginns with these wards
65,you will be frank with me i always longed
66,the story of its evil influence came back to me and in my boy wildered condition i wondered whether there was not some truth and whad said
67,he could hardly stand still so great was his mental agitation and he ran to her homes with two eager hands all stretched think heaven that he had come
68,he imporces to be disgrates the grave and this matter for it sweet his life is it the hallow of our ends
69,so to the surprise at the democratic committee amour his friends mister hopped ind sonounce that he would applose forts a grass of chimney with an equal aggressiveness and spent as many followers are doing so as might be necessary
70,and trouely it is a shirt of new version
71,i can't pray to have the things i want he said slowly and i won't pray found happen not if i'm damned board
72,in a general way though not holding on in sistenty these two groups coinsight
73,they give homes accurred to which emiges of passecurt on enter er eyes but you not discuss a rebellie for these images refer to pass the curateses which has welcome such as no much herbert
74,in this worlds evidently the vast pill of another there are no fortunate
75,and i was the young man i think the falls making two march of his call
76,it will be well for you you juliet not with those instead of kite's fly falconts when stood of vain the last words of the great cloud shepherd to feed his sheet live the lives how much less than hane dy on the warld from the during all
77,i have never yet however the duke were sport on an even upon this occasion my reason shall come back them to the last and my reason shall fail me before i do rome
78,by the greez's all his happiness all his brilliancy subsided into regret and unusiness so that has limbs lost their power his arms home heavily by his sides and his head proof as though he were stupified
79,it were and eternable and besides on not the same things love we hunger about sight the possics acquactities of dest o labor it to extend
80,the genialities which have becide it to rest out of your own annal solim are a new children slain
81,you monked at flee as jane's life
82,for a mamma darkness with a poor's tanned try the control his rag in preachers
83,frankly i cannon all the safe
84,and refannies donned his been hands of the conservation of evergence the contraction with miss mince the intensive putation of culture
85,but how greeting to capsain wit was more than usually fritty and frozen and her feet are as i shall seed particularly crowd and pale
86,dank you drawing to her
87,while the former forecoad that the sutuates come an enters were secretly forming and namely with the omich opon into and incoquetted the necessity of comminting their life and vigorous undertaking a latter sting in sister the every such attempt would perceive attacked then into measures to its otherwise they were not perhaps they mc climb
88,so i read to hear a room here to lincoln timed and bade by hill the drice who and then i have spent
89,we should be glowed up but no the dazzling disc of mysterious light nimbly leaps the side it approaches harms who fixed his blue eye upon its deadly it threatening the head of my uncle who falls upon his knees when is head down to avoid it
90,do be or not to be that is the question whether connobler
91,how isn't the hour he said might muzzel ditten ashamed that there he caught the bread alone spoken you ex luees
92,and then the back onclusing bring me the size of the singer sport
93,yet these thoughts of deccadessed her print laughed with hope that apprehension
94,in often has my mother said well under what i leave my lead my head she feared for time i was not made but for atternity
95,i have a good chance again to tell you what a jollin will place i could pesses
96,the arions took rise for a noble on perfect creatures securior even standingles because by him god heaven enerve
97,what are your country went had you always been thrown the beggags glassed
98,in thing hatred malice an uncherileness are never so essentially discostible to morrn mind as we mare anite abbytist sensitive propriety and workened of the servants but for my interest in my own and my other interest in the little lovel looks which i now and men chrise passing through myriam brows i should never sat jack theread sulk
99,perchance too catherished dat night sir lighten good stead
100,soon thousands of penblet's head wrenched with picho's carriage in the zerry undependence judgment made little settle but from the first viller unpleasa and of the miseries
101,an us
102,they might he had bitter portry here and there but most of his place was such desperate prelse
103,sommany of them however as make up the retainer and hungerson of the patro may be cost as my carries concernment with our old pocation
104,i'll have had been in democal when a long narrow cannol kinners and giving it to mister poplaus stood by the firest saw a while he dead we and in any intimate place prepared for him
105,their eyes wishill arthurst to turn to infinite tissation toward the evening some but merely that the work of postlight should be carried on at the weast but that the headquarters of the church should be there established
106,if i ever they take her stock as i trust in believe they were not depend on it onclhose enigh were not forget the deed but revenger that he comes true warders intrusty friends
107,for a woman time in which to expore the beautiful land balls in which they led
108,then he tossed a down and seized the next
109,or if he's had where the farm we can stand for him an amid to
110,home certain away in stupe suddenly to the floor hullo is this
111,every chance she could steel after break his hours were over and after the clamorest demands of the boys upon her time were fully satisfied most seized to fly on the wings of the wind to the plaus
112,added some had in stolen his and store first great sentrul stations system in the new ord on the multipal archestin covered by his feeter case in vengean which resulted in a noble of the saving hn the crossit of conductors as against the strait too oire system throughout of good tree come
113,uncas little reapproached the door and readiness to meet the way now regulable please himself once more the bottom of the large
114,so at its since in anters
115,one there massed here's charms we exclosed the highest class and yet if find his or ash lootly as first the desplaying intensely that the sterness into lick of natural form as it is and then the envil one of it with a cloud of far
116,then ratters would do anything but leader and round in wait upon her and the face went to rack and ruin
117,we were to little shruggles here elsewhere and all things cannot be done by rose word
118,what so her i said to him and long a corch intered to enough to see you
119,at that evicot of pristing symplicity however matters of even slighter public interest and of far less in twins a wait than the well fair of castor and her child were strangely mixed up with the deliberations of legislators and acts of state
120,when this captain should have too me himself and his vessel back to england i would retire to a small form which i possessed at the furtherst beside the island and there in seclusion what i end my days
121,but in sech of case miss numerous election of a husband shouted lot to return the line
122,it is only a leave it pencil outlined by a good burn journes in illustration of the story of sighteen it is the introduction of psyche after all her troubles into heaven
123,turnship me
124,cool was it might r room be a sierce weak face
125,her sea going qualities were accidled and would have amply sufficed for a sign of evogation of the cload
126,the idea of patching can built of goit was vasley amazing to him and a morning thought of it there more he wore the laughter
127,and the long worldlo not you spoke it she sat down in the scene so it would struct she  again the side borcas and she looked at the woman her cousin's eyes
128,just smiling the grosses they are all they so spice i after a rain
129,sunday argus took
130,the south she had not thought our of seriously and yet knowing of its delightful hospitality and mild criment she was not a birds to childs general and your lines
131,tell you sir what a bad ham
132,and yet you must own her behavior has wanted them has it not been in this particular in pulherian end of the canable
133,i did not long myself so but i claced a rome on thee
134,and she threw her arms round her cusses neck and grave reachel at last the burst into twos
135,for i if i not know who she was enough it i know who heel
136,i shall see it with the simple form of apparatus were various angenious details and refined whence to secure a regularity of operation freedom from imagueracy and immediately from such temporation as with primitifet of courage or damage
137,but i can't be protested a door
138,and when the dimestration do you often asked sir the declaming that it were my head
139,like the dumps of waits like transient day like a music in the air ah
140,i wish have had quiet so much said alice as she swung about trying to fun her way out
141,he felt he was our daughter and that perhaps another kind of a job which seemed in beddier
142,hence to the other side of permitted meter is no longer youth this wife its excellent qualities
143,but i didn't know you've only to tell them to tell
144,do you suppose that god for the sake of a few worth and haratixts with this own his intire church
145,frank she too might be there waiting weeping
146,so it is with the more adams
147,it has even happened that the main for suffering disease conditions of the butdy arrising from such an artitude has possible for days speech as a sinenth femald or gentle
148,how it will shy miss binding
149,what was that
150,she needs we're hit compete the wook and when they were this hand he bade him speak
151,it was this observation the two from gengless the laudinri eighteen the evening overply but had the interest in consequence to which i colletention
152,that i was greatly tried me ruins and all their relations
153,till we arrise leant and it pointed banged and never part but walk united bearing food to all our tenderflounds
154,have what she lord unream i am dway full men would made devour
155,the hours passed we early make and move that tid yet beheard about the hall
156,the air was on brown yarn and hum down on her neck in several neat braids
157,those huge creatures attackeages attackeages attackeages at animal city
158,i will be the safetness and i wn't know nobir
159,the cat ground softly thick expelled the propries of her jaws and trotted in the bushes to devolorite
160,mid common had is often thee with old close were in happen great yellow house cleans
161,a terrible thought flanched into my mind
162,there shone as these dispositions were made the scout turned to david and gave him his parting instructions
163,silent you may frecried monkey say
164,nothing more not even the writ's too which it might be attached
165,mother carried word cropping now he trackling and the other shops or the salaces and carring dinner to the arms
166,jenuary infany weari of eating there has never had passed away and still there is no reply from subusy
167,he reached on her longling rangems and began to pick the sweet inside it fruit long eyevery colored very stick with mate peak like like girl but fall to the ground unheeded also her three
168,he is called as you know the appressive of the indies
169,while the demistres of the vails of har and to her side
170,you father thou armour who had trumether and smiled
171,the vehim in like this between her and her nees thank of morris with a contrast between her keeness and danness serruffic gentleness of expression might have served the painter as an excellence suggestion for a martha in mary
172,therefore don't talk to you about use and polly flix
173,but this was what patren could not bear to hear
174,accustom of hestife gublins probably again and in an antito in a months of comedy aliti in religion those mental soles of present in the nontred about ent but i did not come to him to be the sound mentals
175,to burn without seasing to fly very inlies marvellof genius
176,don't i go and so sorry to hear it how did her some perround
177,it is necessary therefore that he should comply came crown
178,their contents had all boiled away leaving in the bottom what each kettle a few grains of fine mill hour
179,spent all young game
180,the first of our vague about induminable data the zethor as knowledge up the past
181,he sat down week bewildered one thought was up removed so i
182,there is a vanger the lod recolteachers on its uneas for whom into youboes senates that the moung plague mists
183,here lord other focunatoes
184,my part doth clean that thou inherent of sly a class it never pierced with cristel eyes but the defended doth that clean denied and says in him i've fare appeared smies
185,to be still peacing grace lies in the province of god who allured concreated his pleasants the angels conned
186,distressing his own judgment his desertance to the appenial chingenetch would refreement and earnest
187,it seems to me i replied that such a provol such ratification of the opinion expressed by the king the princes of the blood at cetera is rather approve on the affection fell forthem by the nation for the french carried aterfrection to such an extent that they believe emma  fallelevel
188,it is a gleaner bringing down her watchified of corn to an old water know it's soft mossie and rent scarcely able to get it stones to time
189,who has in fact the best weath the noted stay
190,then he rushed on stayers into a corny yard shoting hoiling for his seldoers and preading to patch everybody is deminions of the samine was knowing and was karmy catching
191,the deliar or dog he said leaning forward and peering through the dim light to catch the expression of the old peachers is he afraid
192,then the republic of britainew who was to be declared as none existed and the fusish flag was to be deserted and a british graviner and stalled in the exective chambers
193,a said me miss popular because it proved to the audience of the actors even one called charles treed or o a narr's arreapolional just like to a new
194,i shall be danished for now i suppose but be tround in my own tears
195,said bibbed better than any were out
196,money myran's tried told these were down to warn
197,too off hard he said genlly to her and it's horrible
198,that summer's immegration however being namely from the free states greatly put to relative strength set the two parties
199,on the sixth of apel ancient thirty pite turked decent criest o latter to states was formerly organized at thus took on a legal existence
200,a quentitogral insupposed the jedd by fancy's a good for o till describe with generally and they say wish shall have smiled head well pay and while sat an a shoulders flight far english mations of beauty a strong on the action a great about the english ears
201,if mister song saw them again with him
202,the world is all there just as it used to be i can't get added any war
203,i never seen through side over you
204,carlinsterish notes
205,delly attend to the pollo and with an anne of great mystery that in the children aside and set to them in a harmor leave and denie and wrazily there and don't so it were to go
206,they were gain their apartment apparently without disturbance a house old figula
207,one thinks one here's high dress tornk
208,stephen's heart began slowly to foll and fade with fear like a withering flower
209,you will forgive you do bether if i had made to attend the funeral serving attend years a foreiver depth believe me i have no intention of performing the maripo you made him so yourself with the idea but i shall spare you that uncousin task corned horse serving a diamonds
210,ill profright missus my over of them the strial goa said the old man formerly presentless
211,i will all live him i don't do not all
212,and you'll wither brandle was maintaining himself of this time
213,my pursuits are peaceful and my temper i hung latrons as greatly given to mercy in love returned david a little nethol that so direct an attack on his manhood but there are none you can say that i had ever forgotten my fate from the lord even in the greatest straits
214,at of the phis wide size the sphere were fall was point somewhere for one thing is missus matter
215,althose to do her reverence as if something from having had merreculously appeared before them but gazing on her and transfit admiration not one of them was able to address a single word to her
216,not all you are on the country remotic grieval to me
217,she tall her daughter then by her own affection for it that love for a country where they had built in spittagly received and where but lay in future open for them
218,they drew back a little from the entrance motion to this posett conscient to enter
219,will kind you now but then they myself down and donney
220,it is none of those than there is not such a tommuch variety
221,out in the woods stood an life's little firrty
222,do not suppose however that missus poyser was olderly or sureaged and her appearance she was a good looking woman not more than eight in thirty a fair complexion and sandy hair well shape it like foot it
223,adam cats of the treach and an inns was demanded
224,when face of them all been showed delight and monah and that was doing everything almost down they were didnit scruple of manner and yet the form rehiding jerry weeks of great and nobliging hils on what had been so excellent
225,only if of this our spring
226,though there's a vaid then might i not say so to be a fall growth to that which stew doth grow
227,from these again sprang barricaded and fortified dwellings camps and scalp parties finally chominating and worlding girl adands half partisand half crititory
228,with peais then some rean foresmooth said the ephel men and what domes whom he had recold on trouse found suddenly upon all gills country and lit in a supposite all or rage of a war carringled the cattle garding the houses and putting the inhabitants to the sward
229,halking later in eath us
230,in the evenings i confess i do think but i never choped any oeal siid my hocks
231,little by little however the latter became him down in the mashes of the various devices and proceedings which the characterial fishles involved under both is walls
232,it was what a cristy suit and soul and a delightful on that stuffed mushamss and pearls and too small raid dufferings and artichokes and a dry yiell a roam wine of which bartly had always been very fond
233,and this fallows about the two and are to extra from the upromise that i were depended a peace
234,mine full however of her own errors and misfortunes she said they saw to impose a tender but strict control over the infant immortality at was committed to her charge
235,helped his face querter and yes i could must have been
236,what do you may inquire lorry
237,counters mans excused from wetting the walk
238,as for the if the assouris as he returned with several in cabba
239,is not fell if common over the ocean for rest change to see
240,to their somery of they were soon undersued
241,there was good reason to stop and think even for the world smost in my lost man
242,from the manner in which he expressed himself with regard the rabber callen no led in the whole range of his recollections were belonged the remembered the vein his ind drawn meant land to holland your hearth and ever be forgotten
243,the balley began the effect was more than beautiful
244,she was gone out into the village on friend aren'd when as she was descending the steep street to foots lift on ice and she fell it was dark and norance of her mischief till after time her groans attracted the old shanes and of repass a bite
245,then they started on again and two hours later came in sight of the house of dafter pitt
246,the curl seemed arose bushes and juddri through or ved rose and without their passibiled
247,the powder bank not intensed in a water and the air put in a violenaction to supply the back in left by the conventition of the mist roused as itself into a whirlwind
248,he is my esquire excellency would have drove in with dignity
249,on the sening goerizon of feeble
250,before the set of let hit terms he administers and to lost the possessed and tarlier by the pottomas of both janem's and held incompatible that skin with the niberty of the king his easimate imagined
251,they count had thrown himself back on his sea leaning his shoulders against the partition of the tent and remained us his face buried in his hands with heathen chest and rustlid it is
252,phe lies of the schooker head
253,thought choose me that i am not thought to leap large lake some miles when thou art gone but that so much of earth and water wrot i must attend times later with my moon receiving not by ellemen so smote but heavy tears bagged as of eithers well
254,soon the whole branch was trembling about totably
255,it was the most rather returned splendidly just in the pair white kid gords in one and and a large family other he came trodding along at great heard meavering to himself as he came oh the decess
256,who fair statement clung to their very towns and prowlet beings with all the obstanancy and courage of trudy fingers of their homes and firescents
257,we'll be quite cave to behear i call comforting
258,and over it sang having been the gather
259,morning girls are to the shill as well as you look
260,cried the ladies he's departure had been fixed
261,the ingenious hocke i who recalled the hasty manner in which the other had a bed and his post at the bedside of the sick smootmen was not without his suspicions concerning the subject of so much solemn deliberation
262,the foot of the mountain exeprited the country of the monskins from the country of the giliquons the path divided
263,i'm glashed in the hiron sense
264,the salent features of mistabout ment of the benefits sat is happily at again indicated
265,while bachee and eagleading a light
266,for at the paral of her own existence and an the utter hounds had deserted her he repalled in veter and of her own acquairt gave liberty to all the nations within the pillars
267,a few minutes freedom and i was awake where
268,if i have litten us and in new world in my now and however was full o livelis friendship company
269,i wish you went so restles and didn't get so work at overthense she sat sadly
270,it was myself i was defined held out
271,but that sir he had said
272,but descending toman palking from himsel creed that placed his voy god
273,port point continued rail no intruded the hosemum of his friend heaven be prized the french comer prelives to be thousand indiscreet reckless even there cape boo at bringing a clothing settle gentlemen to bear the latter if such annie in portex
274,i can't play with you like a little door and enor he sat slowly got when the fastening
275,lucky on do you not see the koom slowly rising sovering the top most branches of the chest nuts and the oaks
276,my friends temper had not improved since he had been deprived of the conginial surroundings of baker street
277,and ever crustwaller not been debullching had jacked and still a college had sir kengton although remain in england have no bunnet and the borrchy were not succeeded in a raily for the fire the partro of my old friend
278,i ready for representative on the republic caticket said can at quietly
279,we'll kill again later what
280,it will be sunshis at a spacion
281,i knew nothing of the doctor faith because her retired southern streams that of certainty and nobody understood skirch abost in
282,that hold past lifel go away and things will be just as they used to
283,observate day what kierre the watching in the priscieto's whistly searching all the deep things of the whole and applying the  to the use of men
284,the four oither anything outsshowed the great age of the room
285,no idmented my mind about it if i m mabel all stay down her
286,on less he could secure an engine of smooth or running on more exactly government regular the nose available for his diamond and laya scheme realized that he would find it almost impossible to give us steading light
287,madame corrected me with a pretronizing air for my prenociation of the word scambrel which means devited saying that it ought to be pronounced school and she added that i ought to be very glad to a gluern so much on the first day of my arrival in paris telling me that it would be in important day and my left
288,what is that templet and right in cried out the squire a their icatedly and he blue twice on the silver was of a trumper is bet
289,she makes never after ever drilling with eagerness and when she faster ripper d unclenchi seized she works ourselvement or francy and green in this appointment
290,scason he said shaw i neglected to tell you that you knock the build really more
291,she was the most and point only i enveloped in o position she would have been where they are there any water
292,there jap you got it laughed person we others screamed at the side of jasper's face
293,he was still suffered from the sunday sterbans of the quiet retain of his life
294,he s the waiteng staggered and a hard
295,she has a son fet and in daughter hunger
296,let with t care great deal about many of a mifencie
297,one low me the best reason then own
298,a ravert figunes of the king and esteemed me
299,i was speaking its varied like the eng saparts answered to cattle his softly and smiling on
300,even time i took that chats
301,leisure not alone nor othersself theo knocked and i will call the worm from its lowly dank and dow shalt here its voice
302,there's one in this another a dudley and the flank
303,slow to a great east quite with its oh mist when the angel speed
304,sent voice entered addressing me
305,virginia service therefore requiring those messal ever the embaractial strength of the factions was about equal while on extra word narra occasions that swo thousand order rubbing reserve lying a little foreigner the stained mind put it any time easily turned this gale
306,the head on the patch one girl was the most curious card of her
307,the paper philip plaus of the clergy has consecrated the memory of apprints who indulged their passions and promoted their interest
308,and then did not hear
309,good live them back to befrain from deling that other girls or uncle toan of football rodgers visit but they've got mister watching in the library and question and closely about the penalty for fortunate chap
310,it was a deliver at left from his inpluers that i chacked to girl he loved
311,he'll turn it was that someone passing had dove the key in the door had known that i was out and had entered to look at the papers
312,also there was a scriptly page who turned at toromate
313,whose name intersiged the check asked him
314,men i'm growing place to be raised too
315,see immartine citizens cried he i buush were might fellows of nothing him
316,whom he can started on his feet and showing shaggy covering as though the animal he countered for that it was about to make some desperate effort
317,how i say to take in away and carried in the reast room slown upon the voyage and madded not wish
318,in air the navaller had an either cards of gestation
319,but were going just the same
320,ah whose enother grounds werth note to look town waste in the minute oeever they life in pies deprocation of wilt his carped drives this wasted ho
321,and or hay tankled to hear
322,i am confensed of one i say said the cabalt
323,before them for the storeroon is three sons caplaus in turnips
324,he took a roughly in his arms jewel what i mean
325,a couck's stat scene umesserble
326,while grine by the next which in such a spanish that this force of side till johnnie myself to the countenance aloud i would have permission of both of it birds had a big possible my just like settled himself would surt her a manther
327,whenever lord chelper sad miss branding received it very graciously and even with a momentalic smile
328,that the tree could not rejoice at all he grew and degree little hisgreen both went her and summer
329,we were aften the darkness of the quadrable we again like the windows
330,her read must be because mere and danger of lugging attaitive to well of ruining set of the communitor and idolation of the creature
331,the sazen's alice of spring followed him closely to form a colundrea which after many words of more or less flattering import was the commands mont of the asks
332,when and bruther and three flipment whom moved the teethings possessed to guest
333,what we are not a e examined welcome
334,but palley couldn't speak and a jasper hadn't pat her justing time she would have tembered over back with her mystery and throngs and all
335,this a tale please said gates in a cheerful apples and voice there's a pench here
336,oh what are record to meet what a picture to gaze upon how awful the fact
337,this is all asked piece that he loved lift
338,they remain difine were gaudeness and then's a pain
339,his speak were red is lomanin anner of each with its saltiuth tegges and sharp hooks tippewas great red
340,at the insection of curl verit among the latter days saids there was no log national or state against its practice
341,if a man had stole than a pound in his view and had used that pound to a mass of huge fortune how much receive obliged to the gift back the pound he had stolen only were the pound together with the compount interest a grooming upon it or all his huge fortune
342,those clouds he was a big one acquiesce was seated
343,you must know said markellot when they were elseeded together on the broad window seat but my husband foolishly gave away all the powder of life he first made to old monbe the which was undelined the controvations to the north of here
344,so for the hundred time she was thinking to day as she walked alone up the lane back of the barn and then spullied down through the bottoms
345,houseee mumman and bone and blong time
346,stimud by and i before those what a sister she eptrated and tisteby you for her frances and difference to answer to help
347,what you did he returned the chartal
348,for ygat me i heard le noble and say i thousand time streggon me mot then his right quite right white with bottle except completely turned my brain
349,i managed to say something every year and that with helping my few sisters now and then hiding poor cause i might go that seasons
350,if i go to meet an all i like best to sit in the quiet old house and german town whether windows are all open and i consider the trees ind she returned the start the leaves
351,to those duties you have not yet been called and when new are who will be less eager for surely
352,and towards christmas he has one of the first that was cut down
353,their piety would be like their names like their names like their faces like their clothes and was i little for him to tell himself that their humble ent contrived hearts iith my beeth paid a far returned tribute of devotion and here's had ever been if ten fold more acceptable that his a laborate adolation
354,for a full hour he had paced up and down awaiting but he did wait no longer
355,the ned and whel of enlist things had been qrolling and creeping around her she had struggled in dome speechless terror against some mighty grasping that stroll for her life with gawd and preeping fingers but now at last weekly she over her eyes and question
356,but the praying replied for head with his head now in foot tone thrust into
357,downchance twait through sorrowing sickees to bring soul's to touch and think it soon went up cry too lead
358,she saw at the bed was guilted and so rich should it seem that of a prince of the drago that of a private gentleman
359,and spoken to our she would not speak again
360,its cardings were of thick and fated attackestry
361,here they said as a rascal was very hard thus
362,quick quick then along the high red bread said montelling state at the indian you are so tollow
363,but was that old her port one of hhe lady's house
364,a seen has absolutely arcading
365,alson sympathy said so but that i knew she hadn't i were shore and i ceel
366,the strong position help by the utison system and uttered the stretch was conpetition was already surreney move was at normously improved by the introduction of the free mire sisten and it gave an immediate epherdess to incidents of them
367,once fairly obey nhe however he weiled it made back for they for his parch
368,such consumptioness calls to the women had meliance and tol to their and fo the consumption directed to the roan comfort and pulleces a life
369,even so i had just retacked from an arduous journey exhausted and bathleyeding arrest
370,he called the sea prowl and having always took an a little single
371,why were to be denied each other society
372,nod sense of course i came river's sing except the way my mother and gramma tade before me
373,patty however had descended from her chair with great swiftness and was already in retreat ports the darry with a sort of waterly run and in a mattle fat on the napier renack which made her look like the meadow morfices of a white suckling clear
374,miss happened beavthror year and the unforurated that had now agrown to a very come of the eyes trembled with the sight for the megger with as since great trees found the earth with noise and cracking the branches were locked off and the horses dragged of them towards a the wound
375,there too were large easy charms silk in silkthings silks large tables foolish and she butks and full of torre is with hundreds of the hundreds of the hundreds of the hundreds of the hundreds of the hundreds of the hundreds of the hundreds of the hundreds of the hundreds of the hundreds of the hundreds of the hundreds of the hundreds of the hundreds of the hundreds of the hundreds of the hundreds of the hundreds of the hundreds of the hundreds of the hundreds of the hundreds of the hundreds of the hundreds of the hundreds of the hundreds of the hundreds of the hundreds of the hundreds of the h
376,presently he crossed the farmers room with decided step
377,the ben hffelt made his patches and different constant colors of call all leading so together
378,but what is to delicate mission pass
379,i examtered meant forward and want his hands with the blaze
380,i will make you trimes lake them into french and need not be a friends of my finding you insationable
381,he summoned half a dozen citizens to join his possi who followed obeyed in assisted him
382,he could examine the papers is on office
383,i think about ten minutes ago
384,may not see his worship now
385,cried balasagened for this time amount was forstly all ooome and she felt sir he below the really thfening
386,after early nightfall the yellow lamps with his shop here and there the squallet quarter of the brothles
387,and what was the subject of the precious her maidering mark
388,one of mister help ins first tasks after calling his faint fluench beneround him was to make a trail foliage been around him was to make a trail filless of the vigotors of his district to see what was still to be accomplished
389,cried he waved the lanterd before had to make sure that these were ago soon front of him
390,up in the sick reading so a lay on the little white bed
391,coming by way of misery reverettails he fell first along order up the inconpanion hipnofalishes and perhaps heaving his inclinations are any moment by his watching to instructions his early impressions were he sidedly adversed to the free state cars
392,i am very seemed to love me know and i thought you might love me as i have the guides of love you
393,it will be holding possible for me to retain the tink valuation of temper and for listely affaid necessary from noble pierce planton unless you are act agleed gazed and promoting the foresting and piece of prophet of the wife
394,i pass away yet i can t length in no one hear smotheveles
395,it feared her comfort hs accuved and it is a more or less portuitous ceckons fansiour fell they must be lived by means a merfarate stuff come in themselves to the great acamendam in graw of poice at effort
396,is if ather willing dist of go away to a school of the wilse people
397,the english short at two of french baskets afloars of which they had made a plantical provision to greet the arrival of the young princess the french in return invited the youth was supper which was to be given but lax day
398,the practice of gathering its possulites into one place prevents the bollie up and straightened an afflorent branches and in as much as extensive instrumed organizations or seldom netwith of broad very erodia aside the essexist he serting the strength of the church
399,the ears teach me so to pour outgratitude as thou dest good
400,he makes it sort of come here
401,i think now go to she continued for the open all these are not eated in a servant
402,yes my dear washington have saw the mystering
403,she ceased and smiled into yours then sat down in her silver shire
404,she have not so earnest a mine of these momeraess child
405,sylvia did not think that her good conduct was a bell it fushing knew that she was virtuous only because were softly at compound her to be so and she never exhibited any pride or a soon dinners clew artic wards with the authossisters all there sat is five or where to
406,to celebrate the arrival of her sun sylvia gave us blended suffer to which she had invited all her relatives and it was a good opportunity for me to make their acquaintance
407,i heard father to pleasant over that he was bust so often he wished within that he was determined to high procunctation he could get now
408,the book a woman had taught the people the truth origin and desidenty of the american idiots and to our this thouxkeepeple the michineries of mormonizen early turned their eyes and with their eyes within their hearts in their hopes
409,i did not been realize the interests of the minutes to the minutes re
410,and a ran supplaine
411,holding his host long in in as soon as i had not cove believe i'll take into the room when the great mind and catching
412,he stood a moment the wilder then turned and rushed upon the island i great sheet of dazzling sunlight swept applace and beneath the ambition mals of all of cooking here tow wet and willingly
413,the affuting issan officer kate with a racquisition from gavernor shannan answered the prisoner by land the west port and afterwards from their to canst a city in leven work
414,meanwhile were don't would have meaime your safe and is custod as his own apartment
415,they you drink hard these from it when any years
416,understord these words for there are followed comfort for so consciences
417,listen benefites to a tail of solens who being the friend of drogethes like great grandfather told it to my grandfather credius and he told me
418,the great means on christ of some o'cuard in the cases
419,a moment before the ghost of the ancient kingdom of the dains had looked forth the faster of the haze wrapped city
420,there was a bright greenland broken my the shadows of over hanging bowels and little leaves and the might hobbly accosses califiatures
421,cries of anotting him another come
422,but the proprietor appeared almo men to every leg wished as hopeless the affert to perpetually on this side of the atlantic in a hard soil and am in the close struggle for subsistence the native english case for orn an entering him
423,he darted like an arab trew all the whole down all the stairs and across the yard
424,after that it was easy to forbour actual to prebblet
425,otherwise paushed the driven graceful god the father and peaceful endlars jesus christ
426,why sin miseries somewhere on the frontier i think it get a nap
427,the queens had taken their seats upon a magnifice days or platform arrected upon the borders of the lake in a theatre of wonderful elegance of construction
428,furst the lowest tablish feet of the church was in the pretty little pound of cartles of the hill almost within slight of lake here and humous too rose the first pimble of modern times
429,there's no hear bathsir
430,louise hoped fer excellent results from this organization and wished that tame ment to be so affected in winning there good will that they would work earnestly for the cause in which they were in listed
431,on the none of voices a flash of lati
432,it is too difficult replied mud misell ditany shaw l laughing laddly
433,now you will see him these studies at the moment the whites and closed properly and harmonized with the other huge it become somehow more precious emperory in the white paper alrounded being sure that even the little diamonds and the round window will tell was julls if there predaded justly
434,the gold and star of tince in the steam of a top of the tree and glittered in the substion
435,missus lover ben we mustn't deed because he saw
436,mister salms was something of a well by this flutter than formation
437,with one joke and hersgagon were this chair
438,when these shalt valley after it is the same road
439,keep away from wish when it might never follow him
440,i knew ned hears and said
441,and trail as i was so i
442,who suffer stypes to pays
443,if it is t support and there were dear racking with certain tail on the enjoyment of her cleasure again that seems elzever some fatiliar stood between onema
444,they were later you has does reserve much he was infinely or the engine regard from services barter the roch a move and the sonya but they were main improctically as good condition as one and stall than eighteen metery
445,there was something of sweetness and farmers in philoness a partones and manner which was new to rachel and comforting and she returned to greeting as kindly and felt more like a formerself
446,what is slan
447,yes it's a prest
448,do we really know that the mountain well who were not acquainted with the captain
449,oh i am speaking seriously replied monteller and my opinion in this case is quite as the king's i suppose is it not believe
450,the yard fair grown heaped its wine
451,and now he desires to see the ideal state set in worship who would like to know how she believed in some brains struggle
452,though it is the most common meadow in the land of eyes and his head for many purposes because it is soft and trialer
453,up the down war were again much wilson much fair
454,if i had a fortigne would be wanting to the edition so slight
455,well said might musell determination i also fated that deal but i take to you
456,i must know about you
457,i pray boy you but that not the same as if you pray to secret
458,after a predestion she had he had entered the imperial lady and had already reached the rank of lutenant than the count appointed him to the charge of his own private got in which he was accustomed to spend by far the great repart of his time throughout the winter generally creasing in mediterranean voised in the summer he visited more northern waters
459,territorial dignitaries were present veven or sham and presided john calhen the surveyor general made the principal speech a denunciation of the abolitionist supporting that supporting that it's a beat movement she just as look off thing if by the iccasion with opproving remarks
460,be its said to the honor of summer of the officers interested with a terrible commission that will they learn it it's true significance they resign their authority rather than had anything to do with what they decided made cold blood it wished
461,lord john and not gold sick red case from his left hand up her waistcoat want
462,he critid to find and dropped dock into his cair
463,now it's uncle to me
464,a cold willucid indifference rained in his cell
465,the week meat content and see must be spreaked in a fortified and a tiple of hundred filts and revelate or the other secured for my own position
466,and scout who had left david at the door to ascertain they were not observed thought it prudent to preserve his disguise until assured of their privacy
467,suddenly he heard him at the very door was no possible escape
468,he ardently shook his head
469,i did not even take the recaution of smooking up the ging me
470,the fray's and de day and decided harmonized and chord
471,that was decrison of love which loves on crowned with same to find sweetness did perceive the third upon my lips was folded down in perfect purple stay since when indeed i have been proud and said my love my love my
472,that is why the cried education say ens
473,evidence in help of the electricity soul must be the beauty just like ghe as or water any proceeded jid develop or meetor
474,a month piti a morking shady gainward to the rescue
475,their moster shall was his never thing
476,the eyes of the whole party fellow the unexpected moment and read their success in the air of triumph that the youth room town
477,in those very tarms i even that it more
478,so i surn it for the tad or proposing nor thothers the greed with your passon voiced three
479,i'm sure out its andrea who stay on here she murmured
480,or chair picked up something from the ground and looked at it
481,i was absent the other morning toilering
482,my quick i am unexpected march montrarls hastened to inerlucky and presented himself an order and attacker before the suppreherandes that will af frasming to come an outes
483,but when the partians
484,this was at the march of a lap they two fifty five
485,if you are not then knocked on the head you being annon compossive will protect you and you then have a good reasons who has to die in your bed
486,then they started and great haste for the door and the goat gave a final but this interro of white allighties all diety into the corridor in another tangle whereupon they shraked in a manner that terrified every woman insounded their voices
487,pat as much into my trunk as you can my charably kitted my south she sharks and socks governothercounting just squeezed all in and hurry
488,if fir wint and you beggar yourself i cannot stay you
489,why should heave it as i mean
490,assuragly if the tom which nation or apovence his spoken is lord the oventress the languor to acchast and spoken by amission me is too more worthy of attention and study
491,it did not choice himself say i am the way in the truth in the life no man comet to the father but by me
492,she was not assel but notably entows at woman she grewly admired intelligence or whatever looked at his like intelligence and others
493,so he are was the adderation of france and her talent was the aniel subport on all the pomities which the greatest aufters ruge for her especially and the plays of mario home for without her his commodies would never have gone to prostarity
494,harrier was place in the cossciby of captain martin of the kickacaptle rangers who proved a kind jealour and materially assisted and protecting hand from the dangerous intentions of the mile which at that time how love and worth on the rain of terror
495,now they kill i'll just look at the well said leaving assige of other with your shepherd
496,they said to the gogosy you have no light to femalign of call
497,of this second letter all the whole book and told me bagic contained an invitation for her to go and see the poet in ever she visited the leaps
498,so enchose he had let a take the lead while upon our skinning and trust to cunning for ount of speci
499,they also know to spell that the subsibilitive consumcch's emease of a pute as all as the insistence on it as an hour into decency is at expess in both portions of the companition is breathest
500,there was gone and sir
501,but she wanted from us with neither our flowers more our frience but just our youth
502,jeally cheerful claversation was the conversation the table to now any ne
503,you have come and delicate and delicate rosalia visit
504,and other hearts while he had a pleasa faith in the ambeliative valet is as to speak he was somewhat skeptical on the subject of a barris seen and the head had been assured of the ladder on the testimony of his move exquisite organs
505,mester of all ways at aim
506,sixtern no o you heat of his morvels
507,she looked at his heavy shoulders in vague determined head pressed bore the catapole ges
508,they approached the door which was on an arch'd forem and flight on each side by a narrow tower of projection of the adifice in both of which were madest windows the wooden shudders to form over them that neat
509,the man entered until the papers tuch it by sheet from the sential table
510,sir i have an incommand to inform your excellency that he had been appointed governor of the prown time which is called brittan newly
511,how strange it seemed to the sad woman as she watched the growth and the beauty that came every day marber arrangement and the incoegence that through its quivering sunshine over the tiny features of this child
512,made me a room of the sheriff a child quickly
513,she found the door but it was long down side
514,but entire of saint man in horses glimes of bendamily a bundaughter a bundaughter a bundaught
515,i had had been here this quarter of an hour replied liberty it
516,we went carefully descendant a ladder and felt herself soon upon furth of keep round
517,i don't look stand about another aon
518,this it once composed you tonn to stand that the workest to the imaginative indecrotive at a represents beautiful feins and the clearest way but not under existing conditions and that in fact your producing jewellers work rather than pictures
519,suddenly for the purpose of restoring pace and worder sprang accompanied by his horrible fork made his appearance
520,they drew their source hither face and the plaps of their close turn back and soon came in front of a montard what not yet done a getting facts god of my skin and the those who dancies men
521,going to see mister merciless at enemy to discover what i can do to assist your would thank you sir
522,unfortunately the flactious cannot be set to sits the cockin excelling as no surgeon was to be had before that time then she now lies at our house in a very doubtful indians are state
523,there's meady o one and considerably bowlider than on ammund
524,the strange woman and her passionate sense that ran out so sharply had frightened moth
525,said captive not if ord sitting himself hurried and see the hauntil and short passage to the open daridor
526,i stood with my back for the wall for our women no sort reaching out of the flief
527,the bought of blegislature numbered thirty six members
528,i though beat ob before down the stairs and yet he married the princess
529,the military force and hardly rattle parliament or edirorise to head me while looked in the town
530,i think the next glass cat a  a magician makes will prate my their brains nor heart for then it will not object to catch in mise and theie proved of sunnus to us
531,and she took and hers hand and want with him up the broad marble stairs where soldiers were pushed it at every third step and through the magnificent halls where it courteers and silk and fell in stood bowing on ever he went
532,but john here's no society just elimite reward
533,cap is old wonderful thing is it not boys she said rather primly
534,some mysterious force seemed to him brought about a convulsion of the elesent
535,in fact he had just finished the last of the chount's tail had just vanished with a spasm down the streamed doubt when the backwalk hawk cause silent him and swued
536,i had again bet attin of an influence of this man's power
537,no one less than that would have a chainer's
538,much later when a friend of his was preparing an addition of all his latin works he remarked to his home circle if i had my way about it they would republish only those of my books which have doctor my delations for instance
539,the word had to get all his anist
540,you resemble me reach old you mark fearless and influencible and generals
541,perry also and gave sintently but never saw to make acquaintance
542,in this connection it should be munshine that the association of hobition a limiteing company's in the same year adopted resolution to addinishly to eeffect that the other sudden needer was occupant anne that it sucess or in variougry secured in a station cellanc court by medium
543,the king seemed only plays down every one present
544,and why it scatters its bright endy for the human car
545,as spain to man mew jecular if he'd own work hard the achiev open the towns doctor a laws
546,captain marton said i shall give you a pistol to outpreject yourself if worse comes the worst
547,by bing studious of color their studious of division and one the cura scurious devivts himself to the representation of degrees of force and one thing on separated light the colousts had for their function the attainment obeuty by arrangement of the divisions of life
548,when she had that bad elmous and i was only a love years old she is to say you'll have a frand honours in your aunt rachel if i am taken for you for she has a kind heart and i'm sure i found it so
549,yes all alone by himself a sergeto jesper of the emitting and winking furiously to the others to stop there laughing he did now truly fonds
550,hay fever a heart sharbal caused by fooling in love with a grass wedo
551,from the norwaging graveyard one looks out over a vast chickerboard and dog and squares of wheat de cool blight and daught dark and light
552,and case me will to that small class word hat
553,petites plum his ministry nuts was own quarres but to the prison of god
554,to the fervout latity sate the temple is not simply ecchered building ahe house there were literal sucimily
555,she rose or the fleeting glance gathered the shawl round her than gliding forward wavering true muse slipped across the world in into the swall
556,has no beauty what so ever in nespecially of picturesqueness and always are crompted poor
557,monsieur was the only long would had not understand anything about the major
558,a golden food and i have been cliuse
559,the modest fellow would have white bain for subjection for some worthy occasive it i might be for a book more for the skilfin that it met of some great muse peoper oversome daring expedition mut ack of what need strain or brought the came
560,you ought to know john if i teach neat rose all scarcely seem much of people in the own glass
561,the course must all be after
562,as it in angle and die would say said came woll crowdly that is in his day
563,the three motives in inagment
564,nay the aurent entered worrit and with a half laugh
565,now mister shols but you spose
566,it is telling one can bartly at least tell me that you believe i thought i was making you happy
567,there is no close and there could that as yielded selent dick before the pressure of physical want as to dnnege themselves bold attification of this higher arscritual meat
568,sitor open again while i still studying to breathers for thou highestle confess these your examiningly infress by either othern
569,and who therefore and let us splen mud at them
570,he passed through a henry seal booms and came so nearest anong them as howled
571,i took five thirty signs of old for a treasures fasten daving died
572,you have received up with all that cursy inhospitality for which our cara during england standso high
573,i know her it this very only
574,after all we was answering one
575,he was unable to the side of its after and witt exclaimed
576,the lord was giveness power to teach and to hear let him also givest the popunce to serve that to do look too
577,she interduced me to all her guests and gave his infirteculars respect and straight one of them
578,when she perceived the young man she rose like a lone surprise and the midst of ideas she was desirous of concealing from herself
579,the headen chief of the riot benauding him at printise with quench this threatened mulky shade
580,is the head of a paratte the little flower of the steep from a picture of crepassures one of the series of the life of saint jewers
581,i grim a home by to help a suitable end words not relight to us the insolence of its pass and people are not so different from brown of hints as they liked to believe
582,ate at many men's tables on invited
583,direction falsed and den shaking his clasped to hands before him went on
584,i suppose to wet  season while you have to cought them too
585,you will say that a woman he leaded of such a caution there can be no paraly it for her
586,i am a very unpleasant kuple always asking questions curious troublesome in saiual and even supposing that i couldn't meet the teacher i require i am afraid i have not rich enough to thee him
587,no thanks i am glad to do kew such as you happiness
588,to be sear and not to be that as the question whether too he nobler than the man to suffer the sleams and hieras what in a hammets begin
589,the braft bare  arons still to the south east
590,it is a very final place of red break softened by a peal powderi like him which has dispersed itself with happy irregular at you so as to bring the red brick interms of friendly containing ship with a line stone ornaments surrounding the three gables the windows and the door place
591,then the circumstances i doubt such anorage making aight
592,the storms it was a very noble one he described the most famous action in each he of the incapable where ever indeed
593,the two young men were my this time sore of the adventure what down to the walley packages to come and result and had a talk without ralley operator
594,the mainar continued engenual service stirring eighty ninety mouth and probably up to the clothes of the centry
595,but you might be with your temple in her head she said and was going to think it alone
596,a gritting of the apossels profession
597,john tailor who had supported her to college was interested in cotton
598,in parson whlk a voy professor there cap and his waiting he
599,he had just entil him you have a school materialism in clay and volvetself at last and cloud and fire
600,with torchard each other relation night
601,and i told you about the play
602,i shall never to trendly it that right
603,the street conductors were of the overhead pull lined instruction admiring stall by the construction company that had been organized by evidence to build any good sunter stations
604,the mother herself as if the red ignomina and were so deeply scorchen do her brain that all her conceptions assumed its form have earthly rug out the samelitude why shone many hours of morbid ingenuity to free at an analytia between the object of her affection and the amblem of her guilt and torture
605,the objection of course presents itself at expenstru o women's dress and house old paralyelia is enough this exception to his room but it will appear in the secret that this exceptionate's much more office and subsension
606,had quite kings to tell his single savost a farm out your auspect the queen and substance of which is this the fainting garl before you dishel dawner and a bully as your grandso
607,he dropped the hand believe the lap
608,i can no more help spending my life and dranning to do what i can at the soul's of others then you can help running if you're going the l taddy praying at the other into the palace the moy swept going to your heart you think the dear child was in trouble more indanger and you come agrest without rendered the hope were in comfort her
609,you love them a chair you say which chair by the window girl
610,he must be lost
611,i've strong as surans that no evil will have it you and my uncle in the children formany then i have done
612,oh they put in the long she orch i do love to see him about better has
613,the paras splan to the thought of the cryspal palace was a tenth rarely exebuin
614,of course the words this has existed before are a very inadiquituancelation of what actually happens when we four edgetiment of recognition but that is unavoidable words are framed to express a little thought which is by no means committee and are quite incapable of expersing such an element  crimitant and are quite incapable of expersing such an element  crimitant and are quite incapable of expersing such an element  crimitant and are quite incapable of expersing such an element  crimitant and are quite incapable of expersing such an element  crimitant and are quite incapable of expersing suc
615,but joyce had not been listening all at once she put a candle on the table and fancy to companion
616,here laid reading of the widow who would enter the more den paying some one had doubted a now from the little fool to the greek into which the former and drained i long and clocked way thus aloug into empty directly
617,it is in not said george gian was sharply as he turned upon the card
618,there's throwing to prison for this anterprise and in a tone it was not discouraged but still continued by his careless and protection turning fused spirit alterned the distressed rarious s
619,my first imprincipal reason was that been forced beyond all resistance on any student he might attempt the top of them this nethon of lane courses of distinct few side by son
620,no that's impossible rady for i really don't think i once thought of him all this evening it such as wall the whole talking
621,nevertheless of the mustret seed and by the polist of all sietes hesitated the portions of a tree and the birds of the air or inesting in its branches the apera as thou and book and offered protection of this sweets of satisfaction to every earnest pregont journey its way fretries
622,indeed he persecuted the church across for a mornine
623,first as it paras thought broker later as a celebrated author and the otteman he went on frequent for agis to bring him america the mediteranean
624,it was fur the decorated with strange and seemingly cavilistic figures and dyaya grands soussible to the quaint case of the age which had been drawn in the stuck of when newly lay on and had now grown hard and dorable admiration of after times
625,we think i sassome little work amerit we can dismission
626,i didn't startled in quetter of his foolish are not i did it and a glad idea
627,being study medacinth
628,for one long moment he last stupid a gate with utter amazement then lain dizzily against the tree
629,though bened dream of harvest was upon the land
630,thus in trosses dream
631,i was in such a hurry in the you you muffled door opening
632,another case said john lessly was a little girl who have grown who was washing windows up steers one day and unluckily fellowsly in window in the misposition was found by her mistress enemies henry aged the mistress heat her and heavy slap not perhap of the window and she felt to the pavement and die in a few hours from the effects thereof
633,thus best bettel further cheels
634,hope oh aniist unpled doubt he asked the mice
635,the dollight more faintly upon the page whereon another replation began to unfold itself slowly and to spread a broad its widening tale
636,the sound of the enchair than uncompomising dell we called me in due time to the regions reality
637,as i privete citizen i shall be a model of deportment because it would be dangerous to the other wife
638,and has we find a same sort of clothis eleven in the tenayes of quatew which chrrect arises that for his officular of a questious
639,he would be like a philogest refusing to examine a fact in language it thoughts of her hesitation to scriss and arize effact in humanity
640,probile was shawk
641,criedling in over her shoulder without touching her and whispered in her ear and supper did it me chance yes
642,but this last supposition is almost always unnecessary for if differenary has been habitually managed on this principle she will not make any trouble
643,sertainly haven't any eeception removed jail
644,always earth of a cold indifferent he had bern rapidly more so as he used me on
645,it  found a dome the counted strange and all the more severec as it is name condition but which was
646,and thus if i recognize the thing the occasion of its previous existence in virtue of which i recognized for a minute heart of my experience by definition recognition will be one of the marks by which my experience is singled out from the rest of the world
647,but the real sigger fifteen confident with words for our sense his waste ponder
648,they must have some cherc to restic which makes us regard them as her ferrying too mortal less remote portions of the past
649,i can afford to smile because i am absolutely power of before you but i do not to less feel that in a matter of which the progress of the world was concerned i were rather we have been put down by good force
650,what will and we for the treat us we have one the better and sapprobable
651,the others having been an operation to show to time to show d uffen resolves to although they also went quickly to a dive of their mations
652,a life on trace
653,any one the room could get out yes you
654,whose aspray had met soverners before but not intimately and she always let in maw invitedly their quality to all the neighbourhous assent that she made her hoyable to do some gorf with
655,i am able out his way to bear leadown toward the characters
656,a little bit of plaster tumbled ununchairty and startled me confoundedly
657,you're majesty then no longer believed that this woyaltempt
658,he had no occasion to delay for at the next instant a burst of prize filled the outer air ran along the whole extent of the village
659,in the plan enough her father she has beauty to calculate the heart of any man and with arter follows she as a frankness of her manner in unaffected whist in the herd flogs of evvalority in her conversation and with all a softness of her demander that might allay in gave to the accurptings of a man of the nicest sentments and the strongest understanding
660,there be a japanal i to the old gentleman and the uutmost aazement and such a time as i had to get her hear to two
661,these permarters of the richeness of cries resist the father and the sun and the works of a works of a works of a works of a works of a works of a works of a works of a works of a works of a works of a works of a works of a works of a works of a works of a works of a works of a works of a works of a works of a works of a works of a works of a works of a works of a works of a works of a works of a works of a works of a works of a works of a works of a works of a works of a works of a works of a works of a works of a works of a works of a works of a works of a works of a works of a works of a wo
662,with many variations suggested by the nature of his building materials the versily of climate and they different note of social life governor belling hand had planned his new habitation after the residences of jampinemen a fair estate and his native land
663,the period was hardly it at all earlier than that of our story in when a dispute concerning the right of property in a pig not only caused a fears and did her contest in the legislative body of the colony but resulted in an important mad of ication of the frainworker to selt of the legislatious late of body of the colony but resulted in an important mad of ication of the frainworker to selt of the legislatious and
664,god was she friend i do believe your san to some greatly room when the matter is duely considered and keeping a turnity before the eyes though much depends on the natural gifts in the force of temptation
665,his that in this conjuncture was a public was fortune
666,a hand where said a distant voice
667,you would not eat lither said not saying no of a hotef miaile i forant this two health
668,the pity thou must be i am gown
669,is it in destara deailing you spaper among the kakapius
670,why faids the ludice of the wanton
671,yes i and ready dressed for the balley
672,and with a fine gallant light
673,a new emperor the family cercle food still a e attrctive my tensions inter the road
674,concommore called the nooholday of that
675,it is my heart hung in the sky and no clouds ever fleet between the grave flowers and my heart all thy
676,i think so you have fond a conclusion
677,bort with all ran to the opening at the tent to see what might be a mist but master will who peeped out first ye did no more than one glance
678,and he added something still less complimentally
679,well what can't be done in the main courage and more must be then by circumvention
680,fits who san dressed that last upon the top room with a lamp est only the true came to him
681,can these being returned david rathing more freely as the truth began to dawn upon him
682,his reality begins to explain the dark power and other worldly fascination of twenty thousand leegs under the city
683,the young dead i else thought nothing of
684,several hutdered free statement how we responsible to the summons
685,why did you call d and we announded at happen you have spoken a ward
686,let us soon as spiritions i will aacket it approots
687,but the actual coast of developed has been somewhat different from these ideal ski leasure help the fresh place at the stop and came to the rendeference above twaiting consumption of its rope as a direct exponent of wealth and doesn't alen't in the standard of decency during the course i peep sparkcoatsher
688,they are all in fifty examination yes
689,they move bills a fadula s futurest excembling the nautilus that conducts and underward and ampaign of vancants against his impureless to press her
690,they knew they lift in himself though east no west they said positively by the conteitution and when have nothing to do in the bretty stripes between his hours unless indeed they were summoned by the authority to which they had already once laidly responded to furnish meant and aunt for the countries made
691,full bartly would at my to do
692,then goodned by said the raps and then he went homeward
693,mine thirlism years how he lapsed since she found in yours an eag thorsan since she found of fires ever allied for corn
694,therefore i few myself quite able as president of this republic there receive you with a curticy due to the servants of a friendly alley
695,she sat upon the paid does in question before he died
696,upon this you madame dame to turn her eyes languishingly towards the cont observing
697,the whole proceeding with so charlish the miserable call so transparent the outrage sugges as to bring to scatch to the better class of brilliarchy ands the witnesses on accessres
698,shall i never miss home talk and blessing and the coming kits the comston each in turn nor counted strange and look up did drop on a new range of walls and floors another home than mits
699,i see they awake helpless than make it weeping in none to answer nonton charished me with mother's smiles
700,the criticism the poverty or old intended
701,he did not think that the warm sign end of the fresh air he did not care for the middle cottage children that ran about in propert and they were in the wood slipping for wild strothers
702,that would serve he all tho know she won't thought with carl
703,give me a check for a hundred affifty and i'll turn over to you the fortune and close further proceedings
704,trimminian vanieves of this conflict wretchedness has invented the vanguage of combat which is slain
705,a hun are come said most kindly it is shummer tare and at least spillow and accuser of being acalised with mill
706,oh the crage of the longes other kinds
707,law was the secrement of the youkers institute under the two species that bread and wine if cheeses christ be present body and blood so and devinity in the bread along and in the wine abound
708,the crouching madame table you careful place the article in the centre and we moved the quali
709,living thick james and saying make an herself stripping one glittering ranch after a other givering when she thought a shower of brain dropped on her neck and hand
710,the undertaking which seemed so etracted with me was a litter retask proved the most difficult one and attimes became appressive
711,there are successes made about the villagesti receive
712,slang is only
713,they are died from stone poisoners rude supports and rocking under their plunges and the rough humous dones of the sloping bright water over which they scrambled in their horse play cleaned with cold weath luster
714,i sat trouble you about my train at thoughts of vancies but i began to feel that you would the jeck a man in the gold stoorm watching expermentally in a ponted chaiver
715,the influence which the teneous has ebserves sized on the surrounded his dome heartly to a misunderstanding
716,think of all this i went to sleep
717,come come come returned hopkie and casing his honest countenance the better to assure the wavering confidence of his companion you may ceesk you in which if it be not as white his one of the gentle ones has no tense of red to at that the winds of the heaven in the sun had not bestowed no let us to business
718,but in fitz years
719,she signed smooth had ghostly slim lives he take the vacant place from the left of her father
720,the combine bands at bheir the country's played them useated and a find the shepherd was served
721,you may be quite sure says that to captain nowards n that i can so use it as to half of glory your town with two minutes on thy return on board
722,but every one of use accessary domiches to his his mind's
723,my attlan impressed with glnee from every wind
724,one could not really help for any upon so dry aday
725,out of account of evination explaces to sanct them taken by sadience and home comforts nountain through the eegy of the neighbouring a six sufficient to sat the michageneral peps of the cunnery repute
726,i know the use that his own ment destruct to very in my dear them
727,that is a very fine talking half he said
728,exquisite origar and uve hersel with a turn away from lake this is the fate and effortable school of chrystant and you may describe and completely were quite little me i taken any verses of choses route his tender mode observing had him sists on the careless and brain us first and then in the room
729,he soon foresaw that still greater a cottomary would be necessary for commercial success not alone for a singular joy opening but fore the confact district of large cities
730,they try to say towards me
731,far from its sire your majesty had any given no directions about it the numesitions have retinded
732,hill there was a very mest him and he said of the edge was chair flush in which is conversational efforts and morning is chin about earsly over as my caller
733,sometime you damp at lease morchi
734,even the supporting cast as rudely drawn professor aronnax the carees signetous caught in an effical conflict conseil the compossive fire who supplies you murmurs tagglance for vurns fast froce the harpooner head land a could your of constant athetites the harpooter head land a could your of constant athetites the harpooter head land a could your of constant athetites the harpooner head land a could your of constant athetites the harpooner head land a could your of constant athetites the harpooter head land a could your of constant athetites the harpooter head land a could your of constant ath
735,for bleave me the father floss fever arc can only ratify their opinion that beeding of a carc raveness to be red and of a grass plot to degreen and the best skill vart is in instantly season on the menaful deliciousness of light which you can only see is by phe physician and instantly season and instantly season on the menaful deliciousness of light which you can only see is by phe physician and instantly season and instantly season on the menaful deliciousness of light which you can only see is by phe physician and instantly season and instantly season on the menaful deliciousness of light wh
736,her aratity the common all are holts
737,some images like some sensation fill very familiar while others fill strange
738,there was a grim smile of a musical on a shruteface
739,no then sun as my heart that this fainting lady is your weal bright i say real because she is the one whom you father i have chosen forty and a portrait was a creetance
740,all my danger and sufferings were needed to strike a spark of human feeling and of him but now that i am well is nature has resumed its swed
741,rache jules lose dolne's glittered upon their persons and the railradise were of ollia's cordiages as the rue haulty and under very
742,later with one ports
743,simply i stopping on curriage two worthly times before the shop to have hers not thought spilet and by saying aloud to the young girl who handed back the mocks that hurst noth was the very best in paris
744,producting was my man's servant
745,drading a superior power of argo who having gearing his vassels to have folks living by the pimage while the proxium we the considerable army long traised hastened worthward in order to rous a day in my cane of coat to you on the gorld inns he'll have her before hastily taken alms had been instantly suppressed by the covin on touchs
746,each of us as lash to see the dart of the raft
747,plays forgive me for this underhanded bray of it minning that i had tuned forty
748,we are quite satisfied now captain bannellax said my wife
749,you may never kind is conditions from the whole and robin felt as fingers tight the place arm
750,unlike his master he made no pretension to any gifted poetic power but his inexhaust will memory made him a living in sight of petting at for his stock of anicoats and truopers tails he was matchless
751,a circle of a few hundred feet and circumference was drawn and each of the party took a second for his portion
752,all the morning they trudged up the mountain path and at new old joseau with following tree trunk and ate the last of the bread which the old munch gin had placed in his pocket
753,miss noble lines care and those senabrated from premission coo courage and coint up was very known from minitary prallece and after some scarious in which he was worsted he hair aloud montros to escape him
754,the sights ears returned in high spirits for the saloon
755,we are to hear christ who has been appointed by the father as on divine teacher
756,oh more crimes wisn't with a nose forcible acts and you are the last person one as she would harden we were intrusting
757,the top floor belongs to miles the clarin
758,then there are top and eight we'll want out oction
759,when buttley arrived at that for square on some the evening are read the pretty little french girl met in at the door and conducted him up stairs
760,now it's dust the fir jurned patrice
761,i give my consent
762,from the undersurface of the clouds their continual missions of lurid life tellecture matter is in continual evolution from their component molitudes the gashes elements of the air and fall back again in white foll
763,why were we to be devided
764,they were upon the verd of an open trap in the farcorner of the hut and stole we had trooped off the edge of the refersed flat mouth of this pit
765,not gold or silver or passional lands or in means but himself what for
766,grew childs simonow presents said the hair and the sunlight
767,france and cross walls there the attrntations radiated two hundred and fricty thousand dollars
768,it was almost the town of hope everybody wooks tt a
769,it was simple enough stor if you only had none but with all your cleverness it was impossible to you could now
770,i adxended it not sit down
771,though she now one about the big and talloon can knows can't so how any in larder stories
772,from the same men mith regiments and queer companies worth almoment effort of his serious pointed and the hall in thy carry the horse blooping to such hands as named abendants cub remile
773,again again
774,indeed there were only whether to strangers who could be admitted among the mississers well producing the same thought
775,if a crest of horse diler
776,yes but that's just the beudion of her pational
777,the guards had a terrible struggle with the goat which was losing the room and still won at to fight but finally they sugaved the animal and then they took the bolery oouted a framewous time and and brought brote him and the goat before queen chat who waited them in the brownring of the palace
778,as i spoke i made him a gracious modern and i think i showed him than in order the dress that i did not there any grudge astoma individual itself
779,the brown ground beneath as laughed for the most part one touch of black is put the hope to dart at lines of dark gray to find the outer curve and one little quivering touch of white josing inter age of a man of all
780,but suddenly straight and swiftes a diad clorid he shocked hower to the torrent and disappeared beneath the surface
781,her feeble helped even her for you to the manner for she could never appose anyone without gathering up all her strength for the struggle
782,you see loving some one as i love you makes the whole world different
783,to fade away like morning beauty from her morton thing down by the fiffer at a donner her soft voices heard and thus her gentle lamentation forwards like morning deed
784,our comfortance in the accuracy of a memory image must in fundantal cases based upon a characteristic at the image itself sense we cannot evoke the past bodily and compare it self since we cannot evoke the past bodily and compare it self since we cannot evoke the past bodily and compare it self since we cannot evoke the past bodily and compare it self since we cannot evoke the past bodily and compare it self since we cannot evoke the past bodily and compare it self since we cannot evoke the past bodily and compare it self since we cannot evoke the past bodily and compare it self since we canno
785,mister never bend began the captain and i observed that moment he adgeneratie addressed me as present they could not be done i that we have come here on an unpleasant mission
786,heady sir often took the approgenity when are answered was turned of looking at the pleasing reflection of herself in those polished services for the oak table was usually turned up by the scream and was more for armment than for use and she could see herself sometimes in the great round peter dishes there were ranged on the shells above the long the old dinner table or in the hobse of the great which always shown i shall hasper
787,above were three students one oniea stores
788,we sat what the officer some little time after dinner and then let us corn
789,gave the look of this pepper on the table
790,she is more out to know how the daythings
791,she is wonderful more more life in anybody would ever seem anywhere and she drossed better than the teacher interious town
792,i'm so fairy top that he being all alone here
793,i have us always remains in board within allers and short
794,when he follows she said cherfury
795,don't mindet pauley misper jasper pleasant her fall
796,they do not go where the enemies of the dospape for the homeny they go were the questions ore
797,making the way ocrust the river and no soiled the refugees from shelter are up the more hospitable people of clay town he had after would histablish themselves can tall well califi they were diving to city of far west
798,madame went some of the besides connensellouour enclaries
799,he was a foot ada and for vality and he had looked dressed me in the third person to the point where it got to higher some
800,it's almost beyond conjecture
801,you keeps that dot john not to men and spirited a henryward dears
802,but as we dissem the social stands repointed his present we reached with a duties of by cares measuring consention dive all upon the wife alone
803,he reckoned therefore not only upon ascertaining the extent of the late that tasters but upon merning its cause
804,one i have gits and graces showering fruit in cointed gold
805,ie at almost regarding that it was here within touch in sight
806,if she does not know how the estimate her unvalue i didn't
807,ahas at a missis of the mother
808,oh he's always at the piano said then she must be there now somewhere and then so up the lap
809,as you thither hand on this arm his five fifth
810,and what three can window
811,don't in so master when by talking againite he took this morning
812,i will endeavour in mustaken tnto avoid such terms as would serve to moment the events to any taking our place or govern clear as to the people concerned
813,the sentence of saint james which says that he who appends against one dreament become the beautie of all had seemed to him first a swollen praised until he had begun to grope in the darkness of his own state
814,an all stephanus here come these the devilous
815,its termauntially well would on to do
816,you look allow together to the bower if i waite oown to the port while lindon
817,and the gardener's boynt between the small peaces there was a whole heap line there
818,facts form one of these and i tears the other
819,no order then the dancing
820,however remembering what you to walk me evenly they then commended the matter to hire decision to the ears and as your resolvs to simper resenations that decision whatever remaining i hold it might to be to you know also anto be silent and me because for the best
821,descend a little cloud and hover before the eyes fell
822,were without mained him so angry
823,i come now to the other characteristic which memory images must have in order to account for arknowledge of the present
824,toby had tended on the neightyrn herd they and my mother she tunned her in her infirmity in age
825,she it torne encluded men's daughter was always in the minority of one in our house of violent assent and radic olizan
826,the terms of presentice of common terms of the tom and in our pretty well understood
827,in winter when the snow lake litering on the ground and jumped right over at the volume
828,private persons who had leased the free state or tell vainly besought the barrier as a thorneys to present the destruction of their property
829,and she was very fond of you two welling
830,braattens a very good fellow i connissured
831,at this in was in chartering till sham's shadow and nothing would satisfy him did could not stand close examination like restroke testiweed and galbern of her
832,well that may be true agreedmargle loch but on the contrary a servant with two much brains is sure to become independent in high and mighty and feel above her work
833,aften how later turning a deaf dier to all remonstrance he gave the proprietors and self i opplaue to remove their families and prosonal property from the free state of tell
834,a little craft adding a popular frate is my inferendent of the stranger do now made his appearance in the supper and
835,damly cousin to beacon it
836,the count shook his head
837,he dependent to his first deligate to forbis judice was the life or the chief wife and as would be expected to do no nature to go then of the institution when a nember of persons by him besieuted his office marilla performed breadsure in arrows the wife for mains the last
838,and truth she seemed absolutely surround behind it
839,on she hurried until sweeping down to the laboon and the island all the cotton lay before her
840,there is them character changed with their changing opportunities or necessities
841,and mine that she will studly shall we become reds
842,for enimity ahen we are hung
843,tide into a woman
844,he put his shoes on the tober
845,they are formed nearly spollon and as illexpected bills in it and assured them that they had entered he gill to lay reprivate treasing with the king
846,the terrd of its amormont it in a chakes the figure is a blood arain
847,for where she now be said about the origin of ruthers common torn indollishing
848,cut gracions as the came any right to interfere in matters of that time
849,there in the seator howled them lived all of lord and angry resemble little creature wade down by a fears sense of injury
850,on then there was proud street
851,i know jasped callen conjoining herself i won't only i can't think you
852,wlld you no ready winnin like wicked fellows it is contrasis i suppose that they do and i'm sure for month rapid her sentiment i know him intimately that door case like some and i can't conceive my baar not married
853,nay we were freeze there repressed most politely most imilipal said a little stronweard
854,seemed i am so far i may as well go and as if the king
855,the weather everybody used the terror which hay before long
856,something spaning
857,but now not the period we back
858,what do you he caught up everything which would betray him and he rushed into the region to conceal himself
859,i am my dear and all strangers awelcome to my home
860,where i but old ready on the cart
861,most people talk to much so it is relieved to find one who talks to middle
862,the tinged the higher diameer that home at the bordel must at prendig to summons which was answered by one of the governor stones servants a free port equished men but now with seven years slaves
863,i shall be hade been a tale charitable said sir for a monda
864,she was here just now said the coat
865,said she forning the the played ones sea
866,we located foot not gather arronns and being on his way these the steamboat on which he was travelling stopped and that singing to misery
867,the fascient of the mew clariness are in the ingesting to us because they excited a face of the hand were wine which for vale widely in the first centuries had the priscial europe and is not wholly exiit in artently babe
868,the servant which as well as the young ladies deck orated it
869,the revelation of his love lighted and brighten slowly to at flame like a sun rise overhand enlipped him in burning wonder
870,he was indeed converse with the clerk and entered the halt hold the unput the arm
871,and short he become made a prominent the year of inland the decidi and if he is not careful somebody will say so
872,i must come another day and see your husband i will narr consultation with him about horses
873,i had always known him to be restless in his manner but on this particular occasion that was clear something very usual had occurred
874,so i live at unony two throng well it is the luck of war
875,for few miles she followed the line hitherto presidible the occupied by the coast of the lugeria but no land appeared to the south
876,it has occupied fother a long time differed to shock the exaction with her envoyment
877,and the head of the pinkings were gift as his oaths but my bright who had the parent on his shoulder and there were supported by captain glarly and catch and intent and rosely the which
878,there is no opening accept the one pain set our land agai
879,who had need heap as puttle suiding work of longers for the genial mark morket when you do it
880,constantine easily believed that the harritakes who presumed to dispend his opinions wars well posed his commands for guilty of the most absurd and criminal obstinacy and that a seasonable application of moderacy might say things unhappy men from the danger of an everlasting confidentiation
881,but naturate the daught was bruten for account from captain mealou
882,the air is heavy the sea is calm
883,mister grafd said kenneth no sing the voice face critically as he stood where the light from the passage fell upon it
884,it expoiles one's best heark
885,in a communities of the weston coacher disclined is a peasant found among the lower midded class
886,she wonted a glance of the new wooks and very audicis and talk of great flanterpiece in the fores
887,a lass i have greed so i am heart to love
888,i am my wife in son and the two press wellars and three or four others agreed to die out oor the gravet on the next
889,equestionists which of a teameth it will most execute me reached the persons whose combitras it is visite the feft
890,and then we insist upon it the sudden of social to fall in tea and in furmities and the task of pointing them out with the veior to remedy as that of business in which choices premited
891,oh seem streamer and cross
892,duff of into tis belly council him
893,here few s at first till used to the careful advice he was repundent to his liberty
894,to do so as to lose donned altogether because god the comson towerable who received immeasure to comprehend his infinite magistrate
895,for she reflected that she was had that combination of something hangly insensible and something ardently wild and death
896,but the chuch was his kingness that even well little wide floats of his in a door to viction or still sticking out of the course of his beak his fierce for rad eyes of were ones more appearing downward and the detorred and surgeof fresh pray
897,this outlwood newdred everythe indicated and did not more than fairly at the barrels the various properties of her inner life
898,as he had promised to protect the hotel the reassured citizens began to laugh of their own fierce
899,but the mutmore the much in the bible ind said diata
900,a sparry crownic children during the little fact man torms the tree
901,he is supposed to sign all the checks of the concert
902,however that was over now the tree gone the story having gone
903,it is on the attitude
904,he hung a tired and which owamans
905,what already hear he said to her
906,the hut other trees from the forest for content looking me
907,warves of growin and every part of new york bordering the east river were crouded with curiosity secrets
908,if you will give us your promise to meet kept a matte exhere at this time to arrow we will stretch it one and delay the departure of john bright for twenty four hours
909,in the present day we are well aware than an onction for loss of her is to be entered it from himself and by the contemporary his sheet haught
910,sometimes it is called acrazing wilt because their patches and colors are so neeks donk
911,it did not back in or indeed move at all it was as still as the hand of dark
912,here is necrete the cougreexco landscape by wilson lost holy in gold mist the trees so slightly drawn that he don't know th their trees were towers and no care for colonel what's an emperoperfically deceptive in marmurless affected sunshine through mister a pollow and the piethon
913,but it the ciccarat which chiefly throughout the monographed with present state a prefection
914,to embarrass the stamage you spose you shall accomp issued a rip again at absoven or on a forevolent's charge of contempt
915,the large and which much as was confining was in the very center of the virlage and in a situation perhaps more difficult than in other to a preach or enleeve in out observation
916,now that two we s over
917,she strained and shouted too with a trifle by you massand which that must kause paused the hearts at the fugitive st to quite within them
918,do you know late oh i've really can't help the heel soon tire of country life
919,they couldn't run our mood their just paced board
920,to ard me sound the people and hoverty left him in compared at wealth
921,we ought to have more attentine's beth said luleas approaching her cousin
922,banguache of squarter and discomfit whire been cured before the last trace or the last retends of pecuniary decency's pitaly
923,taking advantage of this discriares to umen redouble their efforts and incouraged by robins and little stroughbour's cries falling may to him
924,sudden asked brand
925,the more is she is engaged in their proper duties the last nieger was she half right even as an accomplishment and derectration
926,forgetting all their weariness and seized their fates and struggled the house finding on occasional paper tapped away in so on torner
927,i can perceive love they left
928,never mind them into coast the captains we will talk a that by her life
929,the modelled domitable i was aware of someone had remished of my papers
930,you are a feet replied the same
931,but who it is fell plucking their speed
932,and while they're left him more suddenly enorizonly than the sheeled the jokes seem quite to call the and lanced a glendole from the corners of his eyes on leaped but the gallon captain did not seem to proceed it and all neighbour not in
933,all and troubled dear troubled and nined and miserably nervous
934,it is return to the cabin his ecute and practiced into lex or ententllly engaged in divising means to counteract a watchfulness and suspicion on the part of his enemies that he knew were in no degree and fairy your to his own
935,for in great english stoding and all he roused and was to boarsteads the anger of he grew
936,mighty leave something useful down there
937,there i clear to observe itself in word masks in meditafore rags
938,these escapates are not for all game by led citious come to twenty light
939,yes in reality those where i happy to iss
940,farewell mamma doone
941,this mental and i allege mister meaner produch pungars prescribed and naximimed penalty of six once had prisoned it in a fine of three hundred dollars a man might be ad prison for life i for many turns of the man's natural life they decludes apology i for many turns of the man's natural life they decludes apology i for many turns of the man's natural life they decludes apology i for many turns of the man's natural life they decludes apology i for many turns of the man's natural life they decludes apology i for many turns of the man's natural life they decludes apology i for many turns of the m
942,why should one hold on the way
943,his had had heat through mid a flat brim and around the brig was the road time be cold and bells the tako which must
944,no one would disturb their little house even if any one came to a car into the thick forest while they were gone
945,the twin brother did something she dared like and she temped the picture to the wall
946,but how it she managed to render it so fashionable
947,grace and balls the remission of sins peace and happy conscience
948,the duparture was not at all at reable
949,to do nights the number of the shade through augments the number of the limities that is the object
950,they followed the chailor along the succession of passages
951,i accement for god miles made answers spruculium romans
952,in this montonized life of mine batter was a cleasant event
953,the task were not be difficult returned david hesitating though i greatly fear your presence would rather increase the midigate his unhappy fortunes
954,the bare short y sheading sides and then a well known voice replied
955,he passes a breathley from persons the ideas and numbers and the ideas and numbers to purses from the heavens to man from a shoney to physe holidge he confuses or rather does not distinguish subject and object first and final causes and as dreaming of gilimatical figures lost in a flush of sense
956,and postess replaces loke and inclines impined in pines implied old overtrape aroman then hence they caught the pacadronnience i but she seemed the dental monder the talest pipe in the oppor cercal
957,he is comparatively nothing
958,you had it also speakily of cursed
959,when you are he about them a trick god appeared from the question of justification you may be as preferre to right
960,oh i know that's a train brandin
961,exquisite soft terfered that woods the happiness which le friendship and firs upon me
962,the good natured ordinance and pitient to fall in magisting showed for one s great redeference to making mantee the monster and sown the song which the former had cold for
963,like neither sanger rard your broad's treet neither wonders of the men nor the glories of the hall where the ghosts of our father as sit always signing the declaration in pressed with isabers so much as the splendours of the cast next shreek windows and the bargains on a extreme
964,when first they entered the droum room they chide be as haughty and scornful as ever but the blue is who were assembled there all laughed at them indeed and for there is not a single there all laughed at them indeed and for there is not a single there all laughed at them indeed and for there is not a single there all laughed at them indeed and for there is not a single there all laughed at them indeed and for there is not a single there all laughed at them indeed and for there is not a single there all laughed at them indeed and for there is not a single there all laughed at them indeed and fo
965,i wish you did it she laid her bony has les lithaconistin that crossed in villacheas could have short him as fair well salutationine and we ale enough was bed as if she will lie on him off with brain
966,whether not this principal is lable to exceptions every little great that that has a broad measure of truth though the word exactly might seem and ugger statement and it might see more correct to say that on a desk the prophsalic maid represent compressions
967,but the dusk deepening in the scretchman covered over his thoughts the bell rang
968,no to bed boy
969,this person was redult but though we had gone to look for his friends had changed his mind and that respect nothing can it advisable to acquaint them if what had passed between him in a girl
970,one times he thought he would bike this anne and conspicious so fit her humbly preached the gospel of repentance and it even prosses mine that it would be nobod to give me self to a missionary life the summing i had not in we the date on grows and the optnights
971,rawdon entered the hut dragged in the undergoon asked by after thee
972,if you not do not myself the god offication of incerting so dear the high
973,she was a long not night
974,there were something in his air in the manner that betrayed to the scout the utter confusion of the state of his mind
975,i opened a li occurretit sufficient to cover the babyrista and conseil at my hills a gump into a carriage
976,it was the ending his dark shall well a pick suddenly upon his blind
977,young fits who had been commanded to his mother's chamber so soon as he had come from his converse with a squire
978,i can set to work now to remember things i never remembered before such as what i had to hear for breakfast this morning and iccusingly beholding habit that nables me to do this
979,i cannot blow the examination to be held if one of the papers has been tambered with the situation must be faced
980,this conclusion leagues to the world into augry contradictions his affider for freedom yet all what ordemost ship all in prisoned there for good he wrote to say las but whom an angland are your knowl self creates a hollow cost me to teasts and period with him governor those personal crime to the south horror
981,steffinces gave nose
982,but plague has not the same less tree over his the anstrument which he except its each features for supposing
983,father expeesed
984,it was written and tadden
985,they were both reberry what the woman had said when she took the money then would give you a happy love
986,the princess inquired no
987,this retrace our steps and examinenas we go with keen our eyes
988,but at this point in the rabbit it was impossible for him to stay down
989,just colden or said homes
990,we believe it a little resiraction and an actual hereafter in with feature states shall be recognised every sind defited off arragemeration should be acrossing your heroic off parent and child rather in sister husband and life
991,i thought a little idea for a but a men and the woman and another woman and but perhaps a liter to the pot of secret for the moment
992,i could not seem by boy interdat folks for but doing his duties of the comparant suns
993,in vice that the sailor hamelet in the smallest prelum of which the neurves could have publicated they below are about severety states of zion it about seventh hundred pour the nights words each wood and state with its full cocking and officers and priested on a desirtions
994,this display his vital to the understanding of memory but it is not so easy to carry out in practice as it is to draw and fearing
995,bhat a hammer of gold affaont its room there is no stindie cowers
996,he began a confused complaint against the sturd who advantage behind the curt one the left
997,than is the time janeties of yellorn stage
998,bent was a beautiful girl the heads mist of the three cousins by far yet aliza surpassed her in natural charm and seemed well aware of the fact
999,adjust some who had been hurring in the man quite in with two dance before the brooding and training unplied
1000,i love y freely as men strived for right i loved each orderly as they turned from three s
1001,thou gentle maid of silent valleys and of modest brooks for thou shall be clothed in the light and fed with morning manner till summers heat melts leave a sight the foursh in a turnal vails they why should fell confide
1002,his tone train possitively unworn insense years and forth with a good fellowship was harrield at between them
1003,with her aathletis he acloud just the perpetual floops what in examorus he asserts the could donners of mine belong of finining an element of necessity which reason tay who prosedume why the piefer are use he's a posses that miss tree of the world to be continued in number
1004,the bushy two well remembered was there and about all the cabinet on which had stood the image yet taken way was still in the same spot
1005,i think all who was left me in their hearts with things and love from ball
1006,they say a blumination by candle like some creatiest and blue world
1007,the free state her tell who stone building ind dimensions fittly by seventy feet greastories high and handsomely furns previously occupied only for londing rooms on that day for the first time opened its table accommodations to the public amp reviolently three denter in honor of the occasion
1008,to morrow the examination
1009,trull they ain't worries the count person in in the affermitive
1010,but first that emblet' hele you that from many years i have longed for a second to help me with a housewwork and to colcorn me was an wash the dishes
1011,and find declared it's too bed but it is
1012,louis believe in solemuluation asked merritator
1013,but they dread cannot of the room and up the stairs into the loft of here in a dark torner where a nobdylight put into it they left him
1014,yet he calls monizers to the agency of men or recalled them directly as he called the prophet of the causes
1015,besides members of pominent in words clutoded many officers unglanging to serive under the indianals threw up fit commissions end i aware me fur cenerated the project of putting the armier naturally into the fairness of that faction
1016,habit is a consept involving be currants of similar appense at different times if the bahe hadrowst mill's confident that there is such a phenomenan as habit that can only be because he trusts his memory when assures him that there had been of their times
1017,this troop which i had learned from hermits is confound by his face in which me hbboth beheld that is the sun
1018,under wordin mary conditions readiles was sure to be left it but that committee proposed to sacrifice him in order to all econcades
1019,how charfully he seems to greather how meet these spread his claws and welcome little fishes in with chectly smiling jobs
1020,one it is so mud a poindefical leason way of your entering at once upon her grother
1021,yes said really
1022,that i was spent in packing out in right and letters were filled with not take such a importance that without informington his friends
1023,but all the meantime was more in the accidents thipping twixt boths than change to prese of kings tanne sacred beauty blunt the sharp is intense divert strong minds to the course of altern things alas why fearing of times terriny might i not then say no i am no lonely best when i was served or incertain things alas why fearing of times terriny might i not then say no i am no lonely best when i was served or incertain things alas why fearing of times terriny might i not then say no i am no lonely best when i was served or incertain things alas why fearing of times terriny might i not then say n
1024,he kicked her to be thing i'm sure for we will disturb things all
1025,this was out reconding in the panes of the heart so to go some
1026,i believe it sir and that is what i fear therefore the principal object of my visit here to devote myself entirely to the study of the french language
1027,to his late and i will myself within a short space
1028,have your will child difter boy all so lose it will hop they shane certain feeling to ill to apple hoss anything very strolling agost them
1029,then he could ask him questioned on the gathercous inductives
1030,however he who says light does not necessarily
1031,but are writi at pointed at a miccomolution far and stating the emedians of the native specialized consumption of aggits as an evidence of pecuniary strength had begun to work out in the moralist lever sistem
1032,you are rearin proceting on herework a little high off for its time to put byne
1033,after proceeding of hewise the progress of hopki who meddie advanced became more deliberates and watchful
1034,like is not young mest though i am an old man
1035,missus marmon far he said to much until to husband privately that if he was a cameri bird she should march keep a table crever or resent lost in the time but he was in menstruate popular with a rest of his ornants
1036,trivil a year i not thinking the going off there
1037,all knowledge outsille i was go back by all sough
1038,come to woll for the wood ausined deed
1039,it is founded only acknowledge weakness a those who should bad appeared of life at which men ceasing work
1040,it's gettine on you weeks and i have been hardless and toles of the wood
1041,in the light of the moon i saw a niif red with blood and my hand too was also disccolored
1042,she sat down in a rocking chair and clasping her hands in her lap rocks well in serebefore i'm sorry said beth
1043,in god the father who raised him from the dead
1044,trusting open the proper enterence of the tent robin suddenly rushed forth with his broom with the great shout
1045,its jaw is an across an according the naturalist it is ard but no less than unhundred and ady two teith
1046,rapid fits you had his doubts of worm to have been on fair and it became ashamed to fits up for her grown them
1047,of the party edward aboive seventeen croft worth my systemathy he too was claimed by allan
1048,it's an generous a whole worlds love pagrir for which read set and they how lot had grinned from which red hunger
1049,held the clors at the false passers were called the san needed by map more thy man
1050,here comes there at glides now is up the ragged stump of the mast than it likely meant on the provision bad descends with a light now and just skins the potter magazine porrible
1051,in the sestications for an open sea severaene at his self containing diversude or deckades before their time yet modern teckolity burst them out triumphantly
1052,explained to them
1053,there is a more of us never sisted of grant congress
1054,thus it is that the odder of the ree is sake a country parm masters and our known
1055,visips virgins and even spotless infance was objected to the disgrace of a proved eenements before they could be admitted to the communion of the domitiasts
1056,i will show you what a good job i did and she went to its all covered and for a little in the doors
1057,this transit spring and laying up are beautiful a glamour of the diling or senses
1058,there is a simus stake in answer sheep
1059,there is even of throw of these heights of the orchard under the wall net jeems
1060,under the taboo sudden it chose and ropedy careley certain bevidges austerfully reserved for the use of the seperior toughs
1061,but cat him don't make no such a tempt knowing it would be used to
1062,what then i have always done you and injustice there are others
1063,i wondered i have been changed in the night
1064,and everyoo i took one man who could ever place him
1065,i get a thinking his insidimical holes will be renewed no more the fallids to be in order a mash our remember at third ease hence as a bright dream
1066,the best of my belief they were moledah
1067,doctor may of the way owned
1068,the chunks removed the tree was pouled out and thrown brather hard in his true down on the floor a d a man drew him to a distairs where the day languid show
1069,or even in on the opera mountain
1070,now i rather thrill distress in every light had seen to gilde  onward path and feared to overrandon the norman a finger off
1071,if fellows in a little big wild he is behels above acomps
1072,they and he excitement that i can't bear them he was excusedmen
1073,the wharers of the anforms of liveries may be rescued ivide into two causes the free and the subbined or the noble and the econom
1074,i do splash look at a spite of its porth grass
1075,but as the earth thorpeuurously made me dunne terming gold as the one with a breath of the other
1076,the golden fleece if the cildrophe fleece he hardled
1077,he well knew the perils of the front here is satisfied absociety the lorking indians of the vaguers of eviror
1078,people saw her in the light anxis by his
1079,those pretty rongs that liberty commits when i am some time an absent of my heart nine beauty and thy hears ull will defits for a still temptation follows where now log
1080,my time were feasted articulated my power of speech laughed me
1081,are you certainly i guess the metatorranea
1082,in the summer eighteen eighty mister doubley and jane jenks read an interesting paper if only marin and instant you to the luckrillentiaterairs almost seceres are practically explaiment his head up to that time was a matter that more generally in used that any other
1083,women con hide their pain better than the enand and batter it better too except when shamedrops flyre into the dreadful challess
1084,must lake to climb to parish to me
1085,this was so sweet a lady sir and in some manner out of thinks he died
1086,full it anything said mister band of whom you are then was in southatters all rivate and a bed unutual understanding on most of these mathers
1087,she added the silent she is contenant st that he was right
1088,the dutchers of soft bredge to the lorertty o ready what did you say
1089,my overwhelen she is diana vast
1090,she succeeded in opening the window and a more like shown and see likely as she could distinguish the color of some dimest common in the room
1091,they you knight every quality and sometimes who finding refrant in his colorists sometimes of curiously
1092,in lilace of parted from the line
1093,and poor reachelleek had more than that store of her popper sea which in nables the torture of spirits of her six till lift a pale faced in the fleeings and smile
1094,robbin in the little temple of a tree and try to force the squire just and back and very valley will be is to comport themselves
1095,a small settlement head that doubted by morn example is an accidl creek had hear on the thirough the autover eighteen thirty eight machumbetion and sortie so upon the habital settlers and future destored
1096,i saw their legiment said that his parsor
1097,near to feet her and he deme d'aregard himself could vie with the church of not natural
1098,he gazed about with blexed astonished
1099,our baggage was immediately carried to the deck of the freedick i rushed abrward
1100,the sombre old trees by jagantic hearse blues black nawful
1101,yet that ask was not so easy as you may suppose
1102,and there's linted in the house as i could well spare you for i got once of sheeting and table politing in talelete and as isn't me up
1103,a speed o are as the feat of hearts and lunger meek the everlasting arms
1104,but this enastemable privilege was soon vialated with a knowledge of truth the emperor and bive the maxims of hersecution and the sex which descended from the catholic church were afflicted and appressed the triumph of christianity
1105,somehow of all the days when the hollow feeling was the strongest this day it seemed as if she could bear it no longing
1106,do a sit gardes older and women at house
1107,so i will give out this love than the men shall never leave you alone
1108,oh doance his or simplified that their yearning breeched by calm
1109,i address him in a tolen and he answers vary buttley but his way of speaking wakes new smile and i tell him why
1110,in fact the sound of madames and the cleans carriages could be heard in the distance upon the hard dried ground of the roads followed by the mountain cabaliers
1111,among other pressnes of distantion who united themselves to him was the northmain peer of marchas stew some of the famous invinter of the lober in the mouse a partial tune window the tall of a great man is more just lead do you then to day other who has country ever produced
1112,it is a black in misfortune it is black restool with currane these two black as sos a mall goony to come hose slang
1113,he was like a tommy father in a way it was not my father
1114,and laid me down in thy cold bend and leaves my shining locked
1115,and so the story of moment is an resian it's finally has not yet been wooden the colonel press presents continuelously loose they disemets broackless numed vevelopments of its plan
1116,were to let it i sates caused her less to marriage his parent who is to kept the church and these inverary general practice but of so ess to marriage paralyti wish was infinited never at the sential
1117,straightway the shalt stride into this proper and darted astrian
1118,this was done for the event of place at a time consent to the parties was sufficient for the celebration of the name without any of the periliminary formalities which i now so properly required
1119,and then he told all about his youth and the little mice had never heard the like before and they listened and said
1120,they then re new thirturee and under the better light made to say if crossing of the storm groofs
1121,were eye in the wand room with all the splendour in my hufficence
1122,the gremmering sea advelocrat leaves were verding mormer before her such and weight of the northward
1123,to jaso reading to light the fire every siylboats solved absorprose
1124,he pulsed up a window is the narrow heavy
1125,not a maidens but on the table i found a small ball of black dull were clay with specks something which looks like sot as to it
1126,it is notable that the indian tribes have very regarded their village and other latitedy sites with favor saint intibalcamb striking agreement with her own triditions
1127,and i have no one ready to whom i can give up the war cries at a govern
1128,leather raftly one garded three hands
1129,in all are the gothogard indeed he will find felliy your history especially distortion in the genity which ur in many respect painfully to be comparated with the splendid repose of classic arm
1130,iries i it in the mathey bruised into his port
1131,just spend their pay that came to herself and embracing the cross seeme changed into a sea of tears and the gentleman remaining in out of a woman until this wife had repeated to him from beginning to him cade us holdstore and he believed it through the bless and dispensation of heaven which had confirmed i so many compenseng justimons
1132,lutinant crosshries is a very gown cresses were
1133,such usefur yourself to make a rush or terry here
1134,the examination however results it a notice of their
1135,said the firge me thinking over what he had himself related
1136,and what s shorted evidence it's much like possible
1137,she wanted to begin at the tack of a garden are
1138,i am very uneasy about it what ever it is i can help him
1139,such stancely it missus jegu of surroundivantest description of his master and mistress
1140,what should we do with the mingers at the door they can six in the singers as good as looking
1141,instinct actoracy nothing should be included under the head of cousin his waist a such expeniture as is incurred on the ground of an biggest peculiar comparison
1142,lenk the service fourteen years three months and five days
1143,suddenly it is sores and the pleasure source disappeared below in a warmth poor betty in the water
1144,i sank him and take my leaves
1145,there was something individual about the great farm amose unusual chimness and carefor you to him
1146,there were set my notice and essalution of their promil
1147,at most by an alms given to the woods ear whose blessing he fled from he might hope wearily to win for himself some measure of actual grace
1148,this is no soint for pride it is holy tried
1149,chapter three as master wishes
1150,i how forward dream about him askenight the height
1151,i was heart them that if the paper i wish he roated with things and traced it might come free upon his parish strangers now i see nothing
1152,no leisually judgwise in here because the thing had been such a scare he continued to fix me
1153,he never silked a fleeze it is and sorrows must be roanned
1154,i anna come in patience with you
1155,we have heard something of your story saickened and an announcetters did it it
1156,this but there is spread the meridian of the palaiwor i have the murmurs exact
1157,i sail call you to sprie
1158,i saw it the hamberd easy and miss geleter than one of these creatures thirty in leaf
1159,did she not afraid that i won't ware earth heart him in lachnesses
1160,without saying it positively she made me understand that being herself and a lustrious member of the republic letters weell aware as she was speaking to an insect
1161,propried man his after all
1162,was it not enough to say from god the father
1163,stood still indeference to their cause and parry their batter with easy words
1164,i am restanded to say that there are three steam to use this star and on the habit of possing the door yes though i
1165,i left you on a consonant and here i have the honor of finding you on an island
1166,that invitation decided her
1167,at once the goot evil eat a scate from his sodders and with bowed head rushed upon the bookery
1168,then i all trotten natural hills received a comfort fast mong body at thi i sight my poverance stashed gave out green moy he is with morning dingles in order
1169,there's the morning else that looks so gentley
1170,tall answers the man who has name juses  christ and the sun of god gave them the fer assents
1171,the cunning now is afraid that his breath ablow upon his brothers and the state of courage to continued david and proving the hand he received they must then for the roft
1172,arthur only a mother at bruises blowing the sea was ruff and so constance to be accounted for only by the immenation of them force of the old time afflaction rendering the liquid powerful said boring get by the meae effective ascenation in recarried to a heighters white and pressedanted
1173,but when thou art not set a lover my beloved
1174,they are to down and logane was dry
1175,we'll see more thatter though she had had a bad night
1176,it would seem that only rather recent at that skin deplaced at all actrily our means of filings giving their tenderle relision to the present but it is clear that such fillings must play in a sential part and the process of bating remembered and nots
1177,i think i think perhaps more precious you have that i was on the discipline of the evison constructed the party and thought it would be well for us to wait until the morning before before we started up
1178,the consumption of leturies in the truties is a consumption directed to the comfortable concealer himself and is therefore a mark of the moster
1179,nothing can exceed the beal to your ard of thinking dutch she in which he is used more of scetter has because them manner
1180,this sentimental off so tofines are sings as great so known to fact the whole world could not make amends for similar
1181,and mean time and on the greatness and geogaa i know in perfection of his word i adore the puretting the cousin faith my fearing right my proctised forly wrong
1182,and fair beccause thus
1183,john less lay combash j comteiler and tomas edward skinner
1184,and now as the here has asking christias meals away and tasted but not escape here are would in even so unbitrae as this
1185,it was a look so intelligent yet in expectable perverse sometimes so molicious but generally accompanied by a wild flow of spirits that hester could not have questioning at such moments whether pearl was a human child
1186,i sailed and wondering about this business
1187,i know the first letter i rote to you with all sense this trached from beginning down but i am not altogether the idle dream in being it would seem to the note
1188,the concierge cipculumnance for sight
1189,but why didn't you tell me when you were hearing the summer
1190,there began with one in the family sitting room court away or rath thirst in mister and missus bill harmon with the matient rockers mister and missus popla movdic bey and lallejoy all standing admiring groups and really little delight at the order of events
1191,mother did thought her did with me
1192,would not the boftieus eeminences of the city had laced be visible
1193,time enough at he too for his reflections for days and nights passed on i'm nobody came up and it lest somebody did come it was only to puts and great chunks and a corner out of the say
1194,many of these affilite to gentlemen on o leasure aut the same time nussemen of substance in the rown wright so that some of them a scass felt are others only passionately to berret to days my cares conceals
1195,the chair was emptied but he knew
1196,then he turned to me again frowned
1197,you hear what surfard men ob brown us to reply cat the battle
1198,i was bick keeper so it was easy to get a like chap and forty of saint nature
1199,fell is like a waftery burn and like a pluton cloud what their reflection in a glass like shadows in the water like dreams of infence like a smile upon it infince face
1200,remembering hastify of present accurrence and some way resemed lying or lighted to what is remembered
1201,but in their slecture of a consecution the birth ulusts have on fortunate only allowed himself but one delivered a sundly and hence a spring of present difficulties
1202,the room of the great life was high and good and around it man rarely advancances for the spectators the citaplan
1203,asked the voice in store fell accents
1204,near graham really with my et thousand of an airs
1205,notwithstanding the higher asolution of hockeye he fully comprehended all the difficulties and danger he was thoubouts when cur
1206,the lever did had ot the daughter of library
1207,yes the character which the royal highness of soon as in perfect commony with her own
1208,on huge civil patters were purements of tarts and takes and red one arcable englivering the canterves
1209,the king who had from the smoment become stality the principal dancer in the quadrial cast a luck upon his van christribal
1210,mere e o their tellings asked hener
1211,if you is bad one of their slaves the croad's men was kept on the coats of that s on cold night when they were out at a ball which immediately lost rosing to death and that he began in an infermer even the effects of the frost and out one made afterwards
1212,miss taler did not know much about cot in but at least when no remark seemed called for
1213,i will ask the least imaginable but i most help something
1214,that is true that dale praise
1215,do not therefore they that the goth excluse measing one
1216,did was done grow out of taps of gags but grow on the rids and i cames is not so
1217,he was in the midst of that when your return caused him to make a very here and returnet very hurry herried since he had to the time to replace the papers which would tell you that he had been made
1218,other cried she i see you here up and loved
1219,the scross of pad and sharp erich can't be would just about to burst of boes
1220,three followest was that that my lord cheroesmen
1221,now for one little half or she had been a woman talking to a boy no not even that she had been talking to stalking there were no persons in the carvination to stains one thing cotton
1222,if you have retained this subject or aught in marland the whole proper of memory would have been compared to feel simply
1223,i'll try if i know all the things i used to no
1224,these he had to three down of rathers
1225,orever the means of grace are found thore is the holichurch you then know answer crows tree me store
1226,direction
1227,he'll behave the tupe
1228,can't calfully other world a good hissort
1229,grace between an peace from god to father and from a lowlengis of prist
1230,she had been born within its borders with his boars she had lived in grown in its borders she had met her love
1231,the pleasant grey yard of my soul with sentimental sybre strees and flour as this field that i am stroll and meditation at my ease
1232,this depressiation is feared a fighting herism said wealth and the consequent in harrt insipped intently
1233,the cloud then showed he stold in head and his bright former merged
1234,before starting through his indistnctsal of the engine of the debrade should be repaired to sale under canvas holding one in contrary winds and weariese they both pedioson difficult
1235,natay marmon triving to king poke secretly several time storing the evening that if the water had deronn up hill all the way from the well to the kitchen sink and he believed this to be continual maripolette my give out in a moment
1236,as walm's through the curtain i was aware from some little regitivy and enlements of his attitude that he was prepared for an emergency
1237,no i thought the dance of fictie conscious to night for the first time
1238,but what you mind the public of your myself said kandal i had been sittible excerrasized this morning and a law arenny for breakfast
1239,and his has indeed bing a hurressing day continued the young man his eyes fixed upon his friend
1240,a not exchaniaring just now
1241,little curl who was as greatly pleased with the glaming armour as she had been with the glittering font of piece of the house spent some time looking into the polished mirror of the breast applate
1242,mether i am going to setting me madame
1243,she pushed me toward the big chair by the fire and sat down on a strew of the obsensizide of the heart are these drawn up to it chin laughing like a happy little girl
1244,thes were being easily a delinet but it would not be but best way for the weeding better discure meant to prove their protection to his soft
1245,her time was not less came than in her arm and whenever i damned so painly really shot seemed to take up and unfinished luch her as a barrel organ takes up a tree percisely at the point where it had left baff
1246,not for a crown or a kingdom or a gritness but for sins
1247,did all are to the fimes far over
1248,from reveng shouted as with signets since little universe by the betannical guards the boy at come to nell a thing are king
1249,mary mare places him but i soon proved to him that it does not the right lay to speak oh of a preference made the language of the name should find it
1250,robin was glad when it they were left her their own devices
1251,i like you still rachel durhaught always like you
1252,it must be owned and though one was more ready to confess it and himself that his mineraely attainments were by noblings of a high order
1253,i will very well
1254,i suppose professor leading brock was a mind in in too and even sure my fears for after thing examined the pit his eyes traversed eherstian and side design
1255,if the wine change into vinegar hote crumble into corruption after they have been consecrated is jesus christ still present under their species as god and as man
1256,how yes fails that seemed to wonder indream filled in men's say is the shore where i stand the only field of struggle were are he hit and battered out there by laves and windast as the tech over a clashing sea of watery echoes
1257,the set of her mister pipet the oldest in the college and it is not the true of for visitors to go over them
1258,and explaiting to the everything groan shall that yet the grasscound
1259,than a drank half of the warm hole it set the rest across the fire to the farmer feeling a smile of saying
1260,god as it wrecked consequence of the sin which man thus unnished had given her a lovely child whose place was on that same dishonor bosom to conduct her parent forever with the race and descent of ordels and to be seentably a bless disoland heaven
1261,my men pound of the table with the fidst
1262,do you how was afterwards a terrible shot of whom
1263,while the olded gold and a morgal stays four ever gleaming is soft strong blaze calm in the early evening gloom
1264,the only shook of forfinger reproachfully at for a fatigues stirty young farmers had been too children
1265,it's not particularly rare she said had son of it was my mothers
1266,we sometimes have imagines that are by no means peculiarly bank which yet we do not trust for example under the inflence of fatigue we may see a france face fiftedly and clearly but portally distorted
1267,the king's hears were now about them to all trouse's counsels proposed not under all this to then to most daring the greenland lead and desperate state of the rawle the whole was in scoldering
1268,they are aggustant front
1269,he wouldn't search said dull worry replied servant quietly and the too looked at each other and knew that it was so
1270,on prooff faces passed him to by two staying yellow or red or livid by the sea and as he strove to look at them with ease and indifference a faint stain of personal shame and commissiration rose to his own face
1271,they were now pleased their dollance in the parlour
1272,sometimes who would wander on foot upon the foree beshore sometimes he would enjoy arrive a ong the summit of the cliff altogether being in no herry at all to bring his task to an ind
1273,in one saturday wais when the sobality met in the chapel to recite the little office his place was a question nearly gas get the right of the altar from which he led his wing oboys through the responses
1274,at the conclusion of the bankley which was served at five o'clock the king interest cabinet where his topiaso are waiting him for the purpose of trying on the southerbread costume representing spring which was the result of some much imagination and had caused so many efforts of thought to the desirers and ornomen workers of the court
1275,it is such a noble ambition that it is a pity it has usually such a shall and beating
1276,who felixted man had only their convictions their intelligence ot courage and the moral support of the north the conspiracy had its secret combination the territorial fishels the laggis sladger the bought as laws the courts the licial officers the president and the army
1277,well long me to suggest sit him but that is will not overpinion
1278,i greatly more that one so well disposed should die and his ignorance and i have sawdered goodly him can you leave me two him
1279,the far aboal palf of it why half azure believe and the size an a tin it shell whose solley about a raft but revolve an once on axes from a stone singfilacing as if which rest but force from the whirlwind
1280,i lies a question to do about the higher where the decided slam and the kee clipped in the lock
1281,on the mast arready i see the light play of old way to sing a walls fire the outstratch sail cutches non of wreth of wind and hangs i k she to the lad
1282,the others resented postponement but it was justice had footeboth the childhood
1283,lay a strait ahe house is playing now
1284,and a whole night a tree stood still having deep thought
1285,but the essence of luther's nutures is there
1286,in other words these three men took down the lecturer which bether addressed whististchants in the course igglasions and roarer prepared the manuscript for the princer
1287,upon the larg square in front of the hint how the shadows of the tents in assected by the golden moon these formed as it were a huge mosiate of jeck in yellow flag stones
1288,she says a hard too she sat her basket of a supper barbard
1289,he loved me to be married he wanted to be bader me all the town
1290,since christ was given for our sons of stands to reason that they cannot be put away by hoon efference
1291,it is to ed to him it if that happened to be the ing amelid your character interward to the dog had found mondoes tame bare ordered an among is most ind keeping with the part and confided in this annumber such sartars hopes or secretistries as the audience has got to know
1292,i quick larrchuse through these anaccessible mountains that general freed himself from the suparior forces of the covern antages
1293,her aye the tires and podic to the tire of his tongue
1294,nailed stay pride mount say he lay hold you
1295,i am by no the whose bold said the fir tree
1296,what he has not as yet befind this the temediatery toy which lies somewayer between medicine in left matters and he would have felt that there was as three t in piety and winking fears of physics first and the order of knowledge as in plaising of body before the soul
1297,a quite satisfacts said edil
1298,could not own window i would doors fat the tree
1299,and though life and death have dispersed the circle and violing raticlosand descentarys into which twenty years the gold or little piet reasonally clergymons daughter was received then they were she was truly loved in on it
1300,maintain valves for her conscience to with a loftiness that made alexandro smile even well it kind of ravit excitement was tingly groven
1301,they are plenty of people to help but of course theyyoung late we should go down his governess will be insupreme thorottee
1302,it was eitle for him to move himself to be generous bordes them to tell himself that if he ever came to their gates stripped of his bride beat him and in vegger's weeds that they would be generous towards him loving him as themselves
1303,and he leaned the deck war wall lost in reverie
1304,the bond of huge buscated could never be severed and other bences achievements had fairly urned him are right of a time in he firmly declined all odors or any pension to my parton from his separena of us room
1305,then they all march satuada way into the fills and found that the yards of takings had already form and was advancing steadily toward them
1306,he's a woman figure at the garden parties of the elect who were always bettee two curriage him by excepting free seats for his plague acter managers nod to him and years allow them to contribute without charge twisted possion on the pice of gulf false
1307,no i suppose not about the brains exclaimed the woman
1308,some of the piano recollations were copied for the enequest and i caution and this method of conversion was apploded by the same bishops who would fell the hand of a pression and pleaded for the rights of humanity
1309,and my part it monted his getting lower did and you have any last as usual
1310,truly mecite is a little bit went
1311,i have not complaiing and the raised alone but that the sea was so wide
1312,in the men was sundated meddate the sun shone of pardon still no more than airs durh miss gui was like the steed with the apart of steed
1313,a rout slightened mess to it at some
1314,at last the cottocombine was to all admiris is in a short fact that he was slated for the centic
1315,some girls better near twice to it or view one men and i have refused to her
1316,the log that schools that everything shall be seen clearly what least only in such mister feetness as shall be delightful and i have no doubt that the destinct you don't control it would be the elementry practice of painting every study on the golden ground
1317,poor duplis before his death when it was in sight committed to me the magnificent of these days in that but lazy me spoke with a men's offect he began to read to are hush'd that your circle when the knight of the folt
1318,but as in this they entered the room a great nive hoverlo gettie yellow jusically me
1319,it must render be one or the other
1320,at the farmer end of largest caul a table with sect with golden cups and old mplates in long rains
1321,but fell is like a feet in a mile she knew that the rising sun i vanish from my perily thrown and occasul find my place
1322,as they consulted thank mother as the career i suppose it is a queer the wants
1323,he had so great
1324,but you know more about that that idea there
1325,however the grace and piece of god will
1326,the precure little circumstances of the common are with your pex all and sees knowledge
1327,the john book is armed with what that of great power against which it is impossible that the people of britan newly should preveil
1328,thele of therefore red village at length in the aster library landlarery works that she confolicated him and connersed his guineas
1329,our men would in a for you and you must be catched from the contamination to intermit society
1330,the delawares are children of the torton s nnay outstrip the dear
1331,they seemed to be we are lost but i am not sure
1332,those that's the lettiest and two then
1333,there was a serious crime a deep mister waltzing topedn and on gates bag fair to servelate the term in the states probable as a consequence of his rash act
1334,i don't know on can't say how you fine gentle indefinite ligateness only as in a scheme flew now i speak according to my lights and he is generally thought thr wicked as man in this county
1335,this nonichous nemery and one since though in another at his lock
1336,i see it crowded in one horner of the garden everybody standing still looking up
1337,i am would feen are if i am guessed in for so glorious a commer crying the tree reginally seemed
1338,the wind being adversed to the ring a did not make very rapid progress but as the weather in spite of a few clouds remained calm and the sea was quite smoothed she was enabled to hold steady course
1339,have you not nept that many weath
1340,when i addressed it he answered constrain
1341,i had a letter here mister songs which i rode to you early the smoiing in the little of precedelis night
1342,he selected a small gold bottle when the pepper box talk so but the powder might be springfled on any object to the small holes
1343,saturday after saturday comes around and i can have no hope of feeling an act of the door and then beauty and missus use come oh dear
1344,when this had been accomplished the flue room lain over to tribe the other scovere away seemingly of its own accord and he was the more prauseable bucause i had never done such thing before
1345,there befell an enchasis into you mistress fitz his ardund form a gent the squirespodge at the breath
1346,one day in the bar was sent by his candpaught with a message correliation he caused along a street and which those of make connicours of horsemen
1347,it was in a corner that he lay among weeds and nettles
1348,oh what she be savage if i capt hoo waiting
1349,he was a splendid figure of a boy tall and straight as a young pine tree with a handsome head and stormy grey eye and steep these et under his serious brow
1350,and i should begin with a short commonly on sililently
1351,she say i i am bed
1352,and he deserves a term and states present
1353,lifted midical feelder had it not both in one word of far and felt that it did you need hurt me with a side glance than his thumb which had summon liked the find then a land which as i was started note was returned with the defiance on their fine on their fine on their fine on their fine on their fine on their fine on their fine on their fine on their fine on their fine on their fine on their fine on their fine on their fine on their fine on their fine on their fine on their fine on their fine on their fine on their fine on their fine on their fine on their fine on their fine on their fine on 
1354,but young shot them never leave caught to you if which you into a tract to tenni gather
1355,good master suddenly he was venue dring
1356,the most they could claim isabel were sent by outers
1357,the attendance was unexpectedly large a micgerls were delighted for seeing great success for their fight
1358,you know him i think show
1359,don't you not suppose that i discorred the gettical should be lass nor that i would distract the mapsurces in that irony d's loch you so to think of it and so to use it as so rundary conduced the two aren't permanent good
1360,and i told the two of mister dilgerst
1361,i shutter as i recall these mosters to tell remembrates
1362,but i eat a fee such miniference is wanted
1363,now he is ruffile exactly between the two trees still drawn leaf by leaf holdie formal a beautiful mist coming gradually into the distance
1364,why if we arrect us station at the falls it is a greater conoumy to get it up the city
1365,i gave him a little brand and left him to chair on an and most perfect anathe shapped the room
1366,the rest of you off a visities and at three ships
1367,drouet of glact night rang he sang to her window gires
1368,from the graveyards gate one ken town got dozen day they paid to farm houses the dealed of rather vains on the basin farm to week et each other across the green and brown and yet out he ends
1369,friends said month ie shafed faintly to the restlers there was ascorts of far of the sheriffs
1370,the use of the word grace does a tenning gold turn thetful implies no diplication of the motives or of the instant by consumer under this aman of conspicuous waste
1371,the princils are patched with wooden taies and the door riththing is like the gate it is never opened
1372,where i should i rest and be stupid and sit in a naturan because her own at the whale
1373,yes held i know that he said that lay
1374,they moved thereafter cautiously about the hut dropping before an about them to find something to show that morning it had fulfilled his mission
1375,and the old gentleman was so delighted with his success that he had debursed out into the serious of short happy pits of laughter but off you plied quite a space of time
1376,i an anotion it was you made this signify from the moon
1377,come suit a comes aloud to eleanoum to the sender of living in the city on indicatedy
1378,it was very jolly he murmured lazingha as we were eaten to take away the coffee
1379,when she could not make a rabbit or a burned look real on paper she searched in her father's books prepicures of expones
1380,a merrior channel formed a passage to the ridge and rocks that protected it from the open sea and which even in the roughness weather would insure the commons of its waters
1381,the mog and the newspapers therefore were able to be called upon to do the work of the sexted which had become butterly useless
1382,well cried he softly and stoodly witcher on the calt across the door of a jewel master chamber spoint up at once at answer
1383,ling the oriea for ten minutes and you shall learn just what stage cat is
1384,why fade these children of the spring
1385,i'll do anything you wish me to bartland she suddrellessly
1386,i like you will you with a second will that i have met and like within tudilies was very sign in that
1387,of the memory of their explaits have passed away or into the walks of tight and the extention of the actors
1388,at this the bundle opened suddenly and out papa's handsome
1389,in this guise it becomes formed more
1390,by his resoruction cries one the victory over law seen flesh world devil death held of every evil
1391,see that your ras being nothing worse than in blue climand for his entended kight
1392,no other peaching after reproaching him to his face who has miss government well didn't these solemn to be son
1393,as the invaster of a government his honour for his office and not always private precion so the minus surf clay should exalt his office in order to gain a torty among men
1394,mistress pity could bentard off on the sheriff daughter under may to soon as they had entered that also that brought in a lone had the care of modely shafe
1395,when she finished alexender shook himself on of a reveree
1396,the fair view week was engaged to discourse as much harvany as a good produce and the resources of the great house were taxed to entertain the guests
1397,the throes were really if the great pota
1398,and the blackness behind the light beaher to voice more and time
1399,these worthin were flattered by the attention of the young midy and had promised to assist in a letting distriforts
1400,little going to any such extreme as this we can easily see on reflection how vast in influence on the ideas and conceptions as well as on the principles of action in the sure years must be inserted by the nature and character of the images which a period of infancy and childhood impress upon the mind
1401,they sat on my soul not ever seen anything lost popular good men would be took turm and up and will and hope so i carry this little fellow hounds were the basket one night last month and a spent a leve evening spoit him together
1402,to my nines there is always been something inexpressively awful in fairly few whose
1403,to the young merricken here her elsewhere the pats sufficient are in new rober and all open there is convication in the air and success in all his bride horizon
1404,they don't something alike you neere suggested the captain of the gardens looking from one to the other doubtfully and then marry the same size as he stand above almost home mades they both thought the same style of whiskest and they both of them aught the same style of whiskest and they both of them aught the same style of whiskest and they both of them aught the same style of whiskest and they both of them aught the same style of whiskest and they both of them aught the same style of whiskest and they both of them aught the same style of whiskest and they both of them aught the same style of
1405,i will number now and i think wretched himself do you let any one
1406,lasting de him well another this science but he never could discover a promiting their case or to pute him were quiet good laugh and all the client just occupies between thirt and the antiquin of the law of his foot he was writing the little variagly ed rise to settle the matter haw but said oll greatly to the discussed of his employer you need that justice between man and man had only be a can by the recognized persocits with the opinion to use
1407,or stome morsen are replied the champion it will we
1408,open thy horrible mouthers and folded with end the wet wings of i doubt
1409,he birthd as high nifety o'subjects the surrounding nature there suffering is still dignifying and beautiful
1410,the farmer saggled lonlally on the bantan naughty and you cannot wonder for he saw his putty potfuls of his good feet than fascallot to pure them are ignored ignored ignola
1411,and would not be a dick is sired lady
1412,he splashed as staffed along farther and farther on word until the knew the rampart of the clearing and put foot upon the tree bridge
1413,the analysis of knowledge of occupy as until they ent of the thirteenth collector and is the most difficult depart of our hole interpress
1414,and it is made of mothers best them and she minnoe it herself and everybody once to get her to wait from me
1415,there were a few rose bushes however an anomb or about purtreats probably the descendants of those planted by the reverine of his tobllecton the first sudder of the pinnoncesal that half mith allogical person and two rides through our early annals seated on the back of a bold
1416,he have tame the desired speed and lard with a fretching bright also regular to her speed but we can see mendicator to virtify
1417,on a country he resolved to tell them that repenting of his violence and moved by a tears yet old a carried her half way to its as has and then letter go
1418,it has six thing years since john barks and died
1419,rachel's pale and shockened features and dilated eye struck her with a pew wholesarphise
1420,he had broken into a very yard
1421,a voice from beyond the world was calling
1422,mister parklen lay down his breast
1423,well but now said the princess and she filled his pockets with cakes and put her own heavy golden chain around his neck and bent down and kissed him
1424,no assir surgeon we know it
1425,it was strange to that he found an airdt pleasure in following up to the end the ridge in lines of the doctrines of the church and penetrating into excure silences only to hear and feel the prepiod his own condemnation
1426,throw out the entire evolution of conspicus expenature white after serve service is ordhum a knife whence the officient pication than again altered his tooling them the conseil as good fain and arests beneat spentature of superfluities
1427,all the images of his past life flowed her upon his memory his thoughts spaniway was native france only to repurn again to wonder whether the depths of ocean would reveal any traces of the outeria in the tropillars
1428,fooggot sake my lady mother give me a wife who being agreeable companion not one who would discuss the use of that me they both narraeven and the mutual good men and you'll gim cost and us by headard was set of political sway in that way and fretting each other to death
1429,as the chase cries away mary stands the wounded and perplexed on the door step her mind in a tumult of excitement in which he took of the doctor distrust and suspicion of her mother to suppointent vexation and ill humour sirge and swell among those delicate organiations on which the structure and the velement of the soul so closely depended doing perhaps and a reperable ignorations on which the structure and the velement of the soul so closely depended doing perhaps and a reperable ignorations on which the structure and the velement of the soul so closely depended doing perhaps and a reperable
1430,i shall i ad therefore my duty when i left school to become a governess
1431,no sir he is gone to rocitor to she mister west the factor about the world
1432,summon certain and desire to be formed of the preticulars
1433,the squire helped the thrust than all in an entered swiftly himself
1434,and when hf seemed that a trout of the size with a fairly since estantial meal
1435,so much leaning back and drawing adly on his school listened to the talk about him which herring chuck from time to time by saying
1436,they won't though i've had a note from mister while durh this morning another note his coming to lead and something of his habined to see some purson he was a broad continued jorkus after a little paws
1437,like his unfortunately will cousin the teal two had fallebefue death smitten into his heart and was hading desperately for the refuge is um doctor over hanging bank deep friends were the beads where the dreadful i ought the hop should not desome him
1438,is it not impossible in marmor than allowed that any city should disappear so completely
1439,it was the started light and another form the sparred a letter and doubt with lifeting
1440,there is off this a great harbirited the naver and calked him pinching pet sprake of any any of other equally well deepine and considerable buttiff worken
1441,three seconds before they arrived with jabe had some sleder i know my drangetoucchising the uniqualties than occurred for the art must passage
1442,then the man of israel on said the men of judah and said we have ten parts of the king and we have also long right in day by the maid why then the indignity spieses that now are vice should not be first had and a gray about all the thing
1443,and how will even stirrup to ship the moment as reach of rhyth
1444,my stholar has been left a very poor he is hard working and investies he will do well
1445,when died her than early gane some most brilliant die are blown clear affance of color through the sky at swore and sweet and meat to brief and found like a rainbow veils upon a bulle stone
1446,the trearingly came to himself when who was unloaded in a court and with he others trees and heard a man say that while a splendid we lead what the others
1447,on either side of the road for a mile of forty reached with what of the hill stood tall o sage orange chedches their glassy mean marking off the yellow fields
1448,contained i will go she said going toward the venches
1449,do you remember that from the lock who took together in paris
1450,would all full an his companions whether face as muffled in their cloaks stared rodely an incidentate at the mother the daughter and a servant me
1451,by a canatianian and the same thing of ovarchimes
1452,dank you reach him my only friend
1453,he has left old men said
1454,inever wave they sought upon the minute of full bank call
1455,i have not asked him retreplied with a look that might imply that she was one of those determined little bodies who first me that her own mind and then compelled others to make a fairs and accordance with hers
1456,he might a high that for your stretch for the face of it that he bainsharp
1457,the london point or his slest enthually lit bo permanent supplying before was torn out no few or than three thousand lamps and hotels to stores and gleamings and the vicinity of halbroom violent
1458,talents said the other the whole story and where solemn heard the doing
1459,to day a shouted
1460,time rolled on the hour of her delivery arrived it took place and the utmost secrecy her mother taken upon her the office of midwife i shake a bird to his son the most beautiful ever sea
1461,the flamest the enemy of the wheam
1462,then there ware three four leaving men of the univery with their wives or for the most formed the father of the the hothers oot the goute waves
1463,don't know will all things in would be commented his tailor netterly born and got and a well as fush as to ask was the use she turned again to go
1464,the last dropply as locke would have it poistest nearly oben deep pooking itself firmly
1465,and this was white tedd as the best discovered him comversing with the young woman in the buggy
1466,at that moment the gentleman anner buring a huge object concealed by angliss of green fell
1467,at  tea time miracle sad in silent and the meal wentamay and touched by anketh the free
1468,how apatz another lovely give for the yellow house said mother carry rising and to carry out the next part of the purgram we shall have to go in procession obsteres to my bedroom
1469,the sile and playn of the teeels different gravely from that of any other of the potanty dialects
1470,don't ye engeand i'm a fanny yorror since you was born
1471,although trying he was talking to me sple lieutenanse eyes were following lake
1472,if she could only see franz you forgot just one love
1473,the countess went smots betaken lightly
1474,she blushed in smiled and full of his card in her confusion before she read unstairs
1475,the world brince this a parishis doctor
1476,she was very london of the young waities cooch she had go one any of jane was their mistress here at that was her special favorite
1477,i will if to me as a cruise i approve
1478,near my little sun she said
1479,the libery becomes obnoxious to evening only or equiped to wear it
1480,he started a fith talk he hurly fourth sadly
1481,they set up a crane of the fire and hung the pon of ponifience and he sad and watched its thorial who just at last the suffer for the gang
1482,it was one of the master and carming stories of dunie of the outer
1483,i do not know i am dazed bewildered
1484,he felt for an found the wisriouritual describe balt the squire was quite underbreath
1485,for like us god they must have thought him a prince when they saw his fine cap
1486,we have spoken of course rich and lookjoiy at beauty abud it that shone with deep and give of tince a bright complexion eyes possessing intensity both of depth and blow and hare already a vadeep glowed and which in after years we pienderly again to black
1487,if you dressed him silk and gold from top to the toa you could not look any nicer than in your little red camp
1488,the scottish general than commission has effected great surprise on the appearance of the king and though they paid him only exterior respect due to his deginity they instantly set a god upon him
1489,on estact of pipet at this and fore and her climini adated being rigidly bound of hands and feet by strong and painful withs
1490,then she said we warered
1491,they praced his very god is apparent and not poss graduate indivined powers equally with a bother as for instance the power did with spence grace and peace
1492,the sight of you bartley to see you within and happy and successful can i never make you oundrest dnne with that means to me
1493,emited bate between the singer societies while the faith so lifted to the men would have been not only a notival bit of reasoning but delivered with real enthusiasm
1494,though i may be but an ungracious of visio you were allow me therefore to suscribe herself with the best wishes for your happiness here and hereafter your chief then rawbert seldom
1495,is there not am a ridy in the rhyme
1496,i could glight to my man and closed the key he could send down the packet as a fines it
1497,he had woise the duched yether
1498,cryes was to the maid hands
1499,nothing knew whether unchanged the wind fresh its
1500,in the morning assuring to the house rang came in
1501,but this frequent turre of the heights of air for all his savage valour was trouble at the leaving waves and attrust him fommer these man rabbit he did not understand them
1502,for edis a solid heavy canson door and must once have been in the habit of shutting with a sunner as fame behind the liberied lackey who had just seen his master and mistress off the grounds in a carriage and pair
1503,i say so darty a little girls going the famously to night his insching
1504,when they were outside unsince he want at the door and starned up the path
1505,the music came nearer and he recalled the word the words of shellers fragment upon the moon wandering companionus pale for wearious
1506,nature of the effect produced by olly questions
1507,warrantens poke thus with sitd efficance to show them that he was not to faint jefferies clanched to the estate where he passed by
1508,and there are you will of course appreciate that the unfinished synphsas not only saved time had by also make the manoe ring very much more natural
1509,another and far more and portant dreason than the delivery of a pair of engloded glubs and count husband wealth this time to seek an interview with the personage of so much power and activity in the affairs of the settlement
1510,the painter who says my grander the noture he says my skip of the gutter they had dresser who says my meal leab back the cobler he says my cove talks slan
1511,to give i am if it is conversations i will report one of them and for
1512,hers happened to be on the same friend too but she emidently did care about it
1513,folk in the year of constant and then in three farmer
1514,i followed stump to be but for solid that ture but it sping of some use afterwall
1515,mark ridical ten and almost the host's forelomate her habitual pocity be
1516,he impressed mi is bern a perfectly honest man
1517,well nedence i why have i not at devoted sister or a true friend of such a soft
1518,two years before her death i saw her performed the carriage to me marry and and the commodate of marabow and inspite of her age and declining health the old lugian was content
1519,i did to stand bartly i was rome
1520,but there's father and worn sir if he be of any use
1521,for the first time the maid seemed a little confused and her case wandered from the face of her visitor
1522,oh very well sit grew go turning away with shade it to content you'll find you are going into literature and these people work that you can't have forthe constance like that
1523,and he placed it in that gentleman stingers who now took his turnip a land and contemplated the little parallelogue round with a gleam of sly amusement
1524,and who never used to be constantly
1525,no doubt improcise of time the least wilholo
1526,in the early morning a next day may twenty nine the company of draggings with one empty sound came down from the fort and while the prose laborr men still slept the prisoner in his escort where monor way across the crage to accomptant in the charge of opposite states gearly
1527,she gathered up her reins
1528,but when his big brother heard that he had refused to give his cat for a king's golden crown he said that anders was a stupid
1529,lest in be still and the warning
1530,a pannt eyes red for ange
1531,that the first read and they leave it all because the man who told his story was stone good liking well why
1532,for some moments he seemed perfectly still before it the more covering himself he began to overwhelm the count with a torrent of questions
1533,there were settin in his carriage which resembled the bloind to look ments of an immortal and he did not dan so much as seem'd to soar alone
1534,nayance his crelley chest not crop shone in the summon and ill of thick black plates looked blacker by contrance
1535,to ask any more questions see i believe would be unfair
1536,nothing will be more precious to you a think in the practical sty of art in the conviction which will force itself on you more more every hour of the way all things are down together and little in great and spirit and an matter
1537,contonegard or turk its blazed amidsurates
1538,the doctor want to de the engine creature in this vanes with silvy turn that she spoke and fell amas days are she was coming down
1539,i will do it discribe them to you in its shall read the account of them as she leisure in the sacred graditures
1540,oh yes said jack and i'm noted
1541,look losely at life
1542,do you suppose the match of was a copy of the same famil
1543,i love y though love i seemed to loose with my lost saints i love be with the breath smiling the ears of although mine life and if god choose i shall but love be better after death
1544,he still held unto it both hands as he rushed into his mother's cottage
1545,doubts now arose and sunddiscction following whether around it was desirable for bennzies through a company as masseur
1546,perpening conpessed his besmozers were by one in the coins presented in case at the pace a different phases of the subject and unconsiderable unprocettion out he of the measure
1547,if a rock or rivillatch or a bit of our hard having common severed the links of the clue they followed that true i have scout recovered the matted distance and seldom rendered the delay of a single moment necessary
1548,but it might be sister kate or cosette might would be happening along
1549,the eart land and stole thou side acquistomarist promises or in a sir get for a bullic straight lady where the little hour's nightly shall many mice in the woman and was paid for at that great subject to rebein four hours on the lamp beyond the remch
1550,there is a rain for sift the friendland and here is of iceland and a sword went not be ashamed dehanic the side
1551,wished near an eye who back after the first after that he thought you seemed quitten certain of assout
1552,at last he came up his them unwife his face bitter as they
1553,no matter then although my foot did stand upon the fathest earth removed from thee four mimble thought can jumped both sea and land as soon as think of the place where he would be but of
1554,more we saying
1555,in this hose deaths of disgiable the new flattenness fould hidden means in connections with the jewish and christians situres and out of them they illuson'd doctrine spite of variance with his state of plate him
1556,but i resolt with his face and do know that he played on fairly in the second bout
1557,let me say here distinctly to have done with it that this mare to from an exact transcript of my own nay much later as what i shall presently did
1558,a ring of emma and hast i could not ware here claimed to my sight than that first kitce
1559,one hay the lights to fir suspicion where there unno three
1560,we don't know where will talks
1561,not a gentral too sleep
1562,he knew it were find to the house of the cook in magician whom he had never seen but who was their nearest neighbour
1563,chapter sevens on the race is with man
1564,meanwhile he had called upon me to meet a port of the three one accistobe no an england as the hot themsen both doctor john hopkinsome and mister addizon being independent inventors at franct but with the sard time
1565,yes dead these four years when the good joh for her too
1566,when she came to her senses and blushing to find herself in wid off his arms have disengaged herself no said he had he said not must not be strive not to a droff of the homes with him will world's you in his soul
1567,only there are two source of crowded fire
1568,said althors too bear talking cany
1569,so these begins that years with a summery omery public
1570,it was silent and gloomy intententative solely by the captain and lighted by the diane embers of a fire which had been used for the purpose of crequely
1571,but it was that a fear tree but they meants
1572,luice was out of danger in a fortnight in among the arose from his bed and drowing all that time he was visited damney by his mother and quandmother and treated by the master and mistress of the house as if he was their own child
1573,i how ilittle that from the slow gorlroom and how fever the young girl do do the shavings and let her into ganes again said gnathed besides the grass
1574,then she gave dollarsly back her maje agreeing thank in the coloned which for all she had done to them
1575,the regans to had accrusted a fewer deson't green black a broad collar of luxur's white black lack black and white wings white belly sighed finally pensile and black and light and obsressed of which just what read street with black
1576,i will take the black clai with me also the crowd cuttings could but
1577,bravely an generously as he battled in my behalf and this more will i dare his service
1578,he mentioned they posses first because they were point by god
1579,the mother as soon as the chase is so far turned that marry can no one or watch the expression of confidence goes away from the door with a smile of complaisancy and satisfaction ot her face at the ingenuity at success of her little artiface
1580,i will make no just years of what i know he replied with friends i believe your mamma
1581,yes don't you
1582,i suffed in my bones when i woke as smorting it something splendid was going to turn up
1583,maries base got a monther his breathing days
1584,this was the first occasion with in a generation when such a entertainment had been governg a elb hurst and the only wed with an  memory of man where the neighbours and country people had been made a guess
1585,tables her scret on the long and the dainteepet subsence or repast be served
1586,the helpless warm removed and sat upon the lily's left and the bright cloud say old definite his part marianne aail
1587,how child me it was being young held up
1588,though the walls by and fill the queer a helpless since missus rarders had arr accident
1589,how spranging a d domestic out heople and that makes it easy for the government to enlist all the solvers of needs
1590,philip his eyes and he asked helen to nath if he will stop stribuling to make his way
1591,for a moment beth stood staring while the new maid regarded her with tomposure and of besight smile upon her beautiful face
1592,he was tired at other things
1593,when it is a question of proving aword a gold a swassity since when has it been considered round to go to far to go to the bothom
1594,if christian perfection benecessary to salvation i shall never be saved my heart is a very hopped at her simple phots and when i decide on an action o scarcely among the look to my redemmer for odjuraction
1595,poor house
1596,the acts struck and deep into the very pith the tree fell to the earth with a sigh he felt a pain as like a swoon he could not feen to happiness and we will sorrow for the being separated from his home from the place where he had sprung up
1597,will the herons here is romes
1598,it will not be safery to stay here them
1599,this passey thing there is ought to fact that all manner sold him durssoon
1600,i almost they i can will many perfeeling a little different
1601,i said you do bill what this means and you must tell us
1602,now gentleia contrived to obtain a great influence and assemblancy over the minds of the children by means of these dolls
1603,family if the villa scares he shouldn't the way to the shepherder
1604,but a waddfur there concerning the expedition in general
1605,marked my words you'll find and two strong for you i and two deep
1606,it resided alize who used to be a humboug and no major cat all has been taken lessons of blenda and untold the his heading to be a pretty good whizard but he is me thee leavie assisting to the great sourcers
1607,her eyes seemed to regard him with mild pity her holding us a strange light blowing faintly upon her frail fletch did not femiliate the siner who approached her
1608,but crist well added simivivicately compassage in depahas in nomeless lab between rays s
1609,this she said was true hot at time i am not sure though i did not agree with them
1610,she resoured husbandide at once and helps him lived to four patals from the fire
1611,said missus hordon hamin at chaffler
1612,i have wailed reasons mister martile
1613,they were absurred in this chiality and were uttered the minute of his name while that he was shrewey grieved and curious signin his half work to be aliising commenced of stretches was not understood by them at old
1614,a gentle pitf from the tall boy indeventch behind rurged stevento outwas a difficult question
1615,classify and was everything to him so me do nothing out well of our sin a theory of classification he was poorly first in its cracked glapid patient and i doubt that he could tell us barn wail from a bellianing wale
1616,they ve disciplined of the fuller polamentary army was not contemptible you are exact playing was introduced i rigger snaps eccuted by these new commodious
1617,his comdub and presents of mind and must seem riginance appeared conspicuous
1618,vholbroup roof too much form and he came storting after it spristly as a young kitty much to simply as the light when she pied sighted him
1619,she tried that the smarting of european the parloupianim saying as some certain in a sweet bite pslackly when the hall at voice and then seeding herself by the uppoint of a down red and look'd letter
1620,is the atmosphere condition having once reached the stencity to become final
1621,the spoke with a sudden elegi which foretook uf the early passion and flushed her thin cheek and made her lame with eyes flash
1622,where was i said is a hot of queer voice they clapped on the barblers and doubt more goers in the light feathers and if you are styllow jealour profore been of pausers for life bill and the fire boys he had think of a rough man some gloric sund the airs and the brakers of the thieves and not mall and the aut all he has noved a cent the airs and the brakers of the thieves and not mall and the autu has loved provocation that nobody moused and the brakers of the thieves and not mall and the aut all he has noved a sight to a namelike hill
1623,where was the use of amersoning
1624,if other he was in pall to caste send from him and to repent the impulse that moved him was the wish to be her mind
1625,the girl to oralight spirit was roused to success when a dad
1626,chair jounhs had his pockets always full of ribs issued in this beard of her secution that was often baffled by the sharp wits and ready resources of the free saying people in sometimes he fight outlight
1627,by reason and affectionate
1628,for some time after that i were not thing to state free
1629,he had his hands to make shover
1630,the world was watervveilled mist
1631,i as he flew the sunr lincoln commont were not half a year other the fugitives head
1632,his exception speech at west ord in which he maintained erilogislature and his determination to inforce their laws he lied in his purse laboriotictors
1633,you are now and the only country in the world where wit to came a fortune by selling higher a genuine or of all starticle in the first case it receives the well go of intelligent to the peepel and in a second fools or always ready to reward it for silliness is the daughter of whit
1634,gunknous and the other pelled a jacaco consequences of the freeur's of stingards beth retunned and they town to become on earythic has been a mock at the second remove of the secure estates of those smarled the fort the endoctors
1635,they asserted with confidence and almost of exaltation that the upperstaliancle successon was interrupted that all the bishops of the orup and age were infected by the contagion of guilt and skissom and that the corronted is of the caff of church workin find to the chosen course of the afferking believers who alone had preserved in violet the integrity of their faith and disappointment
1636,she rose quickly to earth feet with an apatchous chester that made her for some catch a breath
1637,and all full or riot that his overhouse when all he had metament and the occasions parents reached thems hard wrote in as baron
1638,that brother acretches wait by motion them to be seated
1639,the pain produced by an act of hasty and angry violinson to which a father subjects his sun and they soon pass away but the memory of it does not pass away with the pain
1640,so he lived you a good girl i know and not make any trouble but will stay i home an contemptily won't you
1641,when he leave feel loaded my own broom of us i go when to escape you
1642,asked bronzy what her little face closed over the models own
1643,that time at plays ind do you thought as hers
1644,they shall not leave you there night when he looalwarking or flame or sleepy
1645,the mystery of their origin their capacity for valband laten faculties of crime and the study by taradie with which they survived the horse and speak of deep of milk from the liberty is inevina born generation have associated them somehow among mine to a scale of life exceeding and distinct or human and especially the act or human and especially thearaction
1646,something better something still grew a dim lookest follow of what
1647,so she give dispsortered the cat then to take a file of soldiers and escorte the raving budies to their namehome
1648,turtle warn out cast of the infantile world
1649,of what missus never ben had gone through the viting board's beasts and fishes not to talk of tarks and jelliged from the dinner will not day no one but myself in had any idea but it must be admitted that she accomplished her task with fellow such as
1650,what did i nnow not one more that i may not you replied were this golleciam in it what she had in steps babygret and yet will approve it to surrense that she was in a rollean
1651,as she awaited her goss she so wey to table with both satisfaction and isquiretied for her social functions were food to night the world she just been off on her fingers so james priting the rich english man ef facture and lady platton mister harry crest well in his sister john taler and his sister and mister charles smith when the evening papers mentioned as lightly to be even papers mentioned as lightly to be even papers mentioned as lightly to be even papers mentioned as lightly to be even papers mentioned as lightly to be even papers mentioned as lightly to be even papers mentioned as ligh
1652,patsy's he compliance with that softness of heart which is their care corristing or on one side and the men but whom the world has to be managed or on the other
1653,than he approached it and standing on took to  it his neck crane he looked into the room
1654,this deficient to compant into the braws
1655,and sound if i had been delighted by a quarter of an hour le even less the further would have grown without me and i would have mess dowed on his unearthly extraordinary an inconsequable expedition whose ture still i wish the well maid with some skept os sitting
1656,there was no chafter alter his sleeping room to one new ioungs togethe most chamber
1657,then heaving a heavy side probably moong the last he had redrew and kinding for a condition he had so long abandoned he added it is what i would wish to practice myself as one without a cross abood that it is not elizabes you to do within and indian as you would with a fall christian
1658,who denies fant of course it does
1659,in a sunset growing of crimson and gold she lies the groary athlemerald e batched kings galley who salls are throwed he was hung with tabistries rich and old
1660,but the general distinction is it to let the count to be overnlooked
1661,i was delignet it was near a come
1662,if i feel that way i gilded way
1663,sir harrtone mister barton elexander the american egymere
1664,i want to the rose and shook himself angrily yes i know on coloredly
1665,it was not very much cast the letting that morning and the poly carriage from branding drew up before the little garden with it of leading its farm
1666,he hoped they would be too for dinner turnips and carritzen bruezed potatoes and fat in much pieces to be the lateled out to thick pipered flower fat and sous
1667,clap with a battle ship with the letters and then and the space of clear wood after her say
1668,he well you that he should never see his geer old comrades the little bushes and flowers around to any more perhaps what he rn the birds
1669,at last with a ham minutes to day way also and the tree side after all it was very pleasant when the sneek little mice brown may and will soon to what i told woman
1670,better stands eliza standing good ound his sidinise
1671,this shoug go far and shutting the way to the falsaid posses
1672,there was a unanimous proporina at this and much reproach after which after which it has preoccupied way he exclaimed
1673,i loved instructions for shipping my containers of step animals and dired plants to paris frame
1674,i dance see it in that light satin a blue hillare
1675,is any splendid pride jasper in intense pride swelling up father and knew how to do it
1676,pleased at all this eighteenth
1677,watched the meaning of verior thought etreme
1678,twell appearance molley had got through her after dinner work in an exmploring manner had cleaned herself with great dispatch and now came to ask submissively if she should sit down to her spening to looking time
1679,one income in them as if the came and as if all bear up and listening at the dear of the purpose of keeping himself occurable to conversation he entered as soon as the king had pronounced his name to the shopocourt years
1680,and quinally through that from john naughto as you procedie untichainets three moved round the opposite silent attent
1681,before any pick stop harm he brought it his najesty so furiously that the king sorts far into the air and tumbled in a heap among the vengers where do you may mean any rare
1682,and they are folding for he always because i thought he would follow me i was jone is a  ears old
1683,let a man wrong and everybody will run after him the crowd will not stop a less the man is cruid to be mat but to cruel fit is indeed the difficult task because we have a crowd of men who mad from their orth our stock in sittered wives
1684,at the edge of this box there isaa great wooden doll which so far as mutilation is concerned they're a strong resemblance to the finest weeks ultir and especially in the tonel loss of its knows
1685,sober as to may added sam for the river the sarcastics near
1686,he may be a kneekiness eric down but enward
1687,missus griph and however expect to need for the more like
1688,what a position was too terrible
1689,the idea hairs whole remained with they have to come times the nature forms of men and houal spirds fishes
1690,he could rife in one's sile but not in another and the green wangersh had not as yet new fashion by any polette or the loss of her describe physical fanoniem
1691,there seems no good reason forbilleeving benevolential
1692,i love ye with the passion putiludes in my uncle greens in with my childhood's fave
1693,i asked the commander fair lips
1694,the willy of the valley breathing in the humple grass answered the lovely made in said i am a watrary weed and i am very small and walked to well and low we bay in so weak the gilded butterfly scarce purchaseon my head yet i amvisited from heaven and he that smiles on a hole walks in the boundll  and each morn over me spread his hand saying we joyce thou humble grass thou knew boyhood where we flower
1695,shoking with the motion of their paga made a sign to appearance that she wished to belong the court
1696,here frend tyke it and thrusts end the farmers man
1697,what and rs cared nothing about that
1698,there may be layers a sick filling which could becall the filling of pastness especially whereimmediate memory is concerned
1699,i can assure you he has not even allowed me to see the trigger so ti have been on boar
1700,but anne had begun to sove for just before the hardets and then i let what shove her younger sisters with the jealous of the george of some one wild creature that changes who very nature if danger thread to young
1701,were i to complai with your words without expressing my one of pinnone i should seem to have done so willingly hereafter
1702,she might clara back the pater a great domorthan she used to
1703,other subtletes of her in satishage at the south the textures as far gling with witt information and insight
1704,with the plague ran and it was the first three black station in this guntry
1705,we are resing time in the fact is i had not come all this way to take a little sail upon a poind under aft
1706,but the affair was magnified as a crowning proof that the free state of them were insirection us and outloss
1707,that would be very write my child her class matter if you're plan when that liable to be freschery by what very coming but no touch this image having already miss by sodern and even a set it down for certain that it was taken out of the room by the person who loked locked him
1708,the young man is an inch from much i fear his deaf is to crew
1709,her hair is still like flax and oblueizer just like a babies she has the same preference on her little knows and talks belgoned back to abandon there
1710,oh i've no doubt it in tebble order
1711,while and contensed that the boarded i passed mister happened not earl earther a fete sixteenth eighteen sixty one and proudly not much leave
1712,these thoughts agitated beyond day in my magination scarcely calmed down at their seven oversleep
1713,but i mean to home at leadings before alone
1714,and therefore two young dirt to nears sit is in of walkers whar at once of the loves of her in a statesman and to you creatise who all of females no to be single we accomplished into her momertenes was also fitted by me ch and education to her momeraties was also fitted by me ch and education to her momeraties was also fitted by me ch and education to her momeraties was also fitted by me ch and education to her momeraties was also fitted by me ch and education to her momeraties was also fitted by me ch and education to her momeraties was also fitted by me ch and education to her momeraties was
1715,why soon warned my explore everything and studied everything
1716,the place he had was a very good one the sun showing on him as to fresh air there was enough of bach and round him grew many large sized comrades the pines as well as furs
1717,so they were quite willing to a lady of works of their girl queen and in a short time the blass of churbacans and role of drums in plashing of several still trying and ganem no one the blue bans and his simple before the palace
1718,do ought continued silent for the greater poor neither was quite satisfied with the other but reach of thy said
1719,now what had you deceived he sitties browbed
1720,those ins a panka chips were waving about these tightly packed masses hailing the abraham lanken until it reached the waters of the huts of the river at the tip of the long premitted that forms in the earkside
1721,had to think we can save all that misery of dispart and the paint of other hundred confifty hours
1722,that is very importance and homes
1723,roll dunt ob thansor listen and see that i do you know and justice
1724,at each as the language of wretchedness
1725,all the send oh monk complies all hesitation all mere silence even were in the strong whole tales like leve owner brand of his avolisheness declared to be no still anything to the public wealth fair the fights with prosscription personal violence explosion in frequently doubt
1726,and a pay all the conspiscience
1727,whenever the sense of fumiliarity of hers without a depthmant object it reaseus to search the environment until we have satisfied that we have found the oppropriate conscient which we just to the judgment this is familiar
1728,in a few hours the examination would commence and he was still in the delent between making the facts public and allowing the corpor to compantof the vay responsible
1729,for they had nothing to do with the ingelitation of creature and instrude they are a post to hany
1730,better gone he eccaped and seeing tensusly
1731,a little cloud divergency i charged thee to tell me why thou can playmous now when you one hour thou fateowway then we shall seek me it notive fine oh thou his like then he
1732,the shine of myself she cried fiercely
1733,the destiles were stranders severe does not mean that in its of us or runnies
1734,i was to took the fam and gloves and as the hall was very hut she kept fainning herself all the time she went on talking do you dear good queer everything is to day
1735,i take this is my answer and i lead the professor debike his lips with impatience
1736,with a frivor of thoms and counter this took bewith change in disimple custom of moreona s briggous character i took out him a beat the firistical basis of the distinction which his maintained whether it be to bear or a natural commentiality the features of the commentional scheme of consention to not change easily
1737,and all the bread and which are with me
1738,he spoke french perfectly i give the entered when need was that delighted usually intalking the broad as deroctricy
1739,with you forgotten down now
1740,mussel ins and firs tires go cruches at a smile and half no roof for any leaping
1741,has send the next thing to a wife
1742,the artist feel as evidently charged and sir charge the lattricity
1743,we don't spend tox is a favorite saying amongst autularly officers indicating the thing in our shirt their beauty by fiverary pursuits but it must be confess that serve that they naturally eitleh as very notched iven the spining tops
1744,the others and a man and philip
1745,did ever anybody see the lick screamed with his poisoner rending towards the table when her eye had fallen on a blue stream
1746,shortly we gin's a midway could grace
1747,thll we couldn't governor moonling and the view box after the doubterner was a pronounced mormon hair and throughout the peer if the troubles he met of his issimitating the persecutes
1748,it is leim to the feet and i am taken the i cannot in cover into a doorkness you may think it ambardness but tale blaned more
1749,she asked them to take him i didn't believe you could perspey to father
1750,oh yield a dearest and basked mister king while ever saw but one o too make none who let her come
1751,of the lenchings the mobs and the murderers it would be impossible except in a very extended work to know the frequent and artrocious details
1752,this dandered at as in meter practice was to remove the sells once amongs through the mether room of the sentral station complished forward examination another shut being substituted
1753,will now in ide declare you have a head and so has my stick
1754,against these boasted false apolcies pell both the defense his appestolic afford of him in the street
1755,her gardesship to the green stocks and leaves again and she started to him away
1756,without his scraploks his camicals and has hungly and hiding us he was an incomfortable man
1757,i rearebury my refailing to be accompliments of this were bad some rebecca with beginning
1758,because all these servants of guide wherever our life and asked but he gives thus different sorts of work according as he pits us for it in calls us to it
1759,have been imparised much these late ears
1760,came one imagined annatural mist refusing to studies of iiver the bat the squaking the sundaped the transiller and one who would cast them back into their darkness the same oh how ugly that is
1761,he was such a bank boy that he more pying boots and carried a jackneth
1762,therefore her majesty cate no assempto to anyone and low on paid any intention to her
1763,what was begin with that his commons here on no lations
1764,your parentssufficient missus
1765,a large open fire place with rusky dogs in it and a bear aboarded for at the foreiend places of wall stacked up in the middle of the fore so i had becore endates
1766,the poor little things prince of the attint of the relieved in turnid the ball all these years
1767,these very wise things sometimes turn out every foolishly
1768,the mother nargonization of indistry works in the secretion also by other line
1769,well mother said the young lady looking after with the saate of in passages
1770,that is all quite sure mister never been said so third men go brown
1771,yet he will teach your few trics when morning as coming
1772,aunt day which were propertis then what happenets then would
1773,you didn't be double fire i am one double nine belo is that you her rechel hammerce beating
1774,the waves rise in our heads
1775,yes rature i don't love you
1776,in decidence they'll dare fire came to the desk into his tonnie glow
1777,you quite right to say no embrace began never snorphea johnnie of this deorgial poison
1778,while the timiliar olick added thrist will amording his sister's opens
1779,your first wash you do overs
1780,she has been gad these contigeous
1781,and are on the directions were lip
1782,dealog had a yellow curio and a cousin whose name was chain
1783,and i wanted to sense of it too in a sebatine's like that
1784,familiarity as a filling capable of the grief
1785,by his sick to viction the fersnity for two met at notwithst the spirit yoke replied the captain panting hard as he hold as to one of the guilty of france
1786,this i fell was paid to me a being presented other republic and i endeavoured to behod myself of such minded fumility and dignity as my confided you o teacher but i can not befeel that something was wanting to suppose to me a might word in a relife
1787,i wanted nothing more than to see that country again i friends are modest quarters by the veranical gardens my dearly beloved collections
1788,cried the young ladies and a quickly put out the fire
1789,are this time that to gentleman a reached palen and it got down from their horses he was playing they meant to come in
1790,i sat untapping af heres if i went to waghtly said the old gentleman complaisanclly
1791,he had no friendwise on them tell him he said into the doorking convincing in inseshion may descent at the men and women on the platform and take it to the atterior of the villagrape mine and see what he could get a wine for it
1792,oh do became a bit uneasy of this for he had already put prother lot of the class of cottor in the dish but he dare monder to fear and so we comforted himself with the thought that one can i have too much cleverness
1793,to even seem marled leading his dict attention she attracted
1794,where's the and that damply armed now
1795,in this instant contrasting the created and the distracted spirit of the factions the enemy and eighth society of malsachurces finest as most honoval and friend than indication
1796,the case of him
1797,montros week in cavalry here line his troops of horse with infantry and after puting the enemy's horse to round fell with you night it force upon their foot the word and time ecupt in pieces though it with the loss of the e galite north gorder on the patt of the royances
1798,he was beginning to feel at the king interest in the slender bear for dawniege or whose slips banner and out of the play singing like some one winding who will you feel
1799,i think i should be doing your assertain that toward a turn you out of such a place
1800,they caught when his history on those sipty gift
1801,why did they not enday the caff at travelers sent priest ahey doctoring to god miss princes this its indoctors as they did him by the help of god
1802,oh while she lay in her chair in happy dream the pleasure of son in bird and tree
1803,see sid uncle forth north themselves at the evident marks of the broad trail on either side of him the dark hair has gone to word the forest
1804,their sufferings have never he had been fitty connicable hhe would scribe
1805,in order to please her i spoke to her up he had been contined and i had occasion to cook two lines of that profound right him
1806,she had an end the wait on her mind was christmas
1807,and with it i lay you and aye sift the friendlies i shall have to drink the dear sometime above all
1808,the stories are wound
1809,one night when he in wonderfurt were sitting together on the bridge he told the things had happened while the esteting abroad that he was sorry for some thing a particular and he asked her where the shet thought she altook no about them
1810,the now let me slay to you that order of are intertainment first to me is with in natural heles of her who speak of oragin of the world who we down to the pretachion of men and then i shall receive the men whom he has three aided and some of bobo having edgetiated by you and introduce them too as the loss the the incidions of wholly each its rackeness folk
1811,it's a stop of three in writ
1812,among other things on which he cast her eyes was a small creasifixce of solidar standing on a cabinet neither window
1813,the description she gave of the coming reception to the women's political leap was so humours and diverting that they were both laughing heartily over the thing when the young people passed them and thus mister hopkins fail to notice who the object of the other beaut or were
1814,i never had on these alberty
1815,but intruit carol was the one as well as the other and only and consequence of that idenity had hastered contrived so perfectly to represent the scorn at letter in her appearance
1816,he sermon whither too more allie corns after went the steacies of the rioties the cnatulas she franctically guides by the following situations cranely he loved offense the twing nent and whether such differences related few or many poists structure and liter there of his ela aunt glimphorts the more specially whether they are fizzle or constance
1817,helever her fingers of far might repress any evidence of nervousness these hands told the edifferent story
1818,keep silent as long as made be and it would be wise when you do speak a brigad suddenly anonder or shoutings which were served to remind the indians that you were not altogether as responsible his men should be
1819,my friend did not appear to be depressed by his fillio which rubted showed their shoulders and halfumerous residection
1820,cap he she broast
1821,i have nitthing twarre replied if dimiritics to say
1822,some pool s solemn ruisisited by the boys
1823,his troubled blue eyes glanced at each of us and finally rested with an expression of blank dismay upon banister and the farther crow
1824,this is the exclamation of the showns he tra foul in that porter she had plenty of wanting on she
1825,severatect took it for granted up the represent was endeavoring to put in
1826,the nation very god
1827,the pride of that dim image brought back to his mind saidignity of the office had refused
1828,you're taught nearly scrapled for i should like to know
1829,on the other hand we're not to regard them in so terrible that must despair
1830,already adore for the south were tauched of wine on sit of altural rest
1831,every one could abserve his agitation and amprostration a prestration which was indeed the morrinmericable since people were not accustomed to sink them with his arms and english authoniighbours side his smn bewildered at his eyes with other bride antelligence be done
1832,that you took it in man the great traderous innoration had confirmed to each individual of the roman world the privilege of choosing and professing has only ligen
1833,the vessel knowledge as to the past is to be derived from the field and fifiilier to you a lite
1834,dork us in her stange way was moved
1835,the english it is evident had they naught been previously ashored of receiving the king what never helped parted with so considerable as sum and horril they weakened in settled by the same weasier have straightfounded people with food and they must offend once have so material and interest to discuss
1836,also growth medicine baughting her beast their slein
1837,since when has ali do you banished medicine
1838,he speak like an educated person said back wonderingly will is her home
1839,we were to bargabout her any more if he'd rather not we and deed
1840,sire he said your majesty's most devoted servant approaches to perform a morth as on this ecclasion with similar zeal that he is already shone on the field of battle
1841,exclaimed their heart into his ripence and through the lighted car
1842,here she would stay comfortine it soon the mungaldely plants and richard sabbits rejoicing the hard of old turn at the garden who said spall as first grandfathes enterence had taken her into his cook races were all time
1843,and you must be odiel the unlucky she added
1844,runken cast as skin and stepped forth in his own men for proportions
1845,next came all of sturned to help in the ceremonious
1846,married taler however related the tam obsore to missus gray pieted ear later
1847,hidel lyndembittering finally to argue against his own dispassional sertaitude that the commandment of love bates not to love our neighbor as ourselves with the same amount and intensity of love but to love him as ourselves with the same kind of law
1848,take him to forrow them i meant empash your sword
1849,she reflected how many she stood to the christs which was the termen with as she was to be blets or unhappy for ever and racked by the intensity of her emotions she suddenly changed colour he had dropped as she fell forward and a swoon into the arms of the dismayed is to find her
1850,worn you have the name of the whole
1851,and any hoters nothing to understand
1852,how sense and a great of wisdom that keeps one butting on the nazes
1853,as she was rolled that he was doning to my head much
1854,the housekeeper let the way in that summone
1855,the word of our god shus stand for ever
1856,i am one allowed to perform adjuct except for my own amusement whose visitors as he lighted a pipe where the corpoonsten and began to smoke
1857,there is no onge cold the possibility and to hypeopocis that the reent spring into being five minutes a doubt exactly as if that was looked appupultation that remembered and lonely uncrawled past
1858,he knew that will would be fly to hear that he had at last for his thoughts to a vexable matter
1859,it is sylvia that affering whet we feel the sense of congestion
1860,still her hearted received a shock in the perception of anne's delicacy and now beside he watched over her with the longing far no azide when which is so full of sed and paints affair
1861,you don't seem to remind the dutch in
1862,i woll wis to consciousness fighting hathfirst has seen as if i was finding with the phantom but corratually my appoetic became more real to me it was catheri
1863,when i procer to return him i examined window
1864,the canada completed his torrent by manicloth he happeared in an open carriage decorated with grances of trees and flowers
1865,she spointed wut the earning things away
1866,she was so strange in the dark creature
1867,american squal boys and weakness in motions of horror of thee hounder jenses through them beaten the killed with a papally gate directing the bourtory and nove that old wall hunted in how doily beasts has the essective awareld at tree and they yet shall read in the history of their own country of seeings as terrible as these in the exhibition of a justice had indian the thick
1868,at the sudden sharp stiggeneered a great burn turned his head and noticed for the first time the fishermen standing on the dison
1869,but diana will electric machine though small while a relash to under all a very inspeeds in waterpoler and the vicisitudes of the plat of to which it belong and continued an active years of eighteen ninety nine seventy years
1870,that sames the king were not consent to it
1871,if a lament and giving back tism poor the water of foresaying the words is the child of aptized
1872,and i don't anticipate
1873,you've come to ask dreading us with absolute dishestrated
1874,he set off abruptly for the bold walked rapidly lest his father's shrill whistled my called back and in a few moments he had round to curve at the police barrick and his safe
1875,but we are perilous we may glide of soon
1876,all about him was a tumult of bright and rome can color scattered in broad slashes
1877,there are few changes in the old lady
1878,be not so fully sfferinned except fifty with crossly
1879,the air repursuished heart and invited him mortally
1880,for one a way i further truth prophet
1881,and henry might return to an old annie load
1882,whenever a pield to her sense ob beating was to rate way transient to faper oand bus
1883,ned channel's hair this lat good
1884,ruth asked the enthusias if they were by to them in such a sounding was of the inn who did spray calls and echoing brings and no acmfate of place in it for the ecommedation of any body
1885,it is you though must bake him wrong i have read is distressing his eyes in his every gesture and action the whole day
1886,and in this last action he falls into the class of sin of pride
1887,he stated to awake for her reply but as she made man he perceived
1888,which thou destist scattrer on every little blade of the grass that springs revives the mook to how and tains the fire breathing steed
1889,in this whole pistle call trees as were us wrecient christ
1890,jeak have been standing in the fore corner of a room talking to evil and was now reduced the silence by his praises
1891,captain skirts at hastened toward him
1892,how much of evil a real accomplished evil had there not accourt to me during the last few days
1893,the gloring devouredsthe was storm redoubles
1894,oh do had never eaten such a fine mean all his life
1895,what i mean is that i wanted to promise never distinct meagain you're had a how off and i cannot let her how heart i dag
1896,ten ten till the household bed the needle and care for the linen
1897,and the farther stage as a racketimachine
1898,were overhead the people with enclied to rebellion what getter opportunity could the heat wished
1899,there eyes danced make top ha stood up in stretch you self
1900,it was better for you to think the girl i'm camely than to know the truth
1901,noticed and challed duglish
1902,they only duck of it which existence and spare as i knew it was that which belonged to my serve up banister a man who has looked after my wome for ten years and was lonesty is absolutely above suspicion
1903,graham earthly one twenty eight of the man's
1904,also a popular condrivance whereby love making may be suspended and but not stop during the pickets is it
1905,indeed he was listen mean the kinner of heaven as told that we a club replayer could it too some extent indicate the hole thirty lines by a silent pretty of the jolk but at the same time it would be idle to deny that he wouldness the finer shades of the drmatus tmmoned
1906,the woman seemed thoughtful
1907,so we heard the cousin she norway
1908,it is thus in his oventures to threw of knowledge
1909,in the spare he heardled himself gown to soon
1910,many of these again and all so many of the other rast to cryse her mesticately having turn a touched to the presence amore of us comparations of group of by cares concealment in the peasants of their wife's and children their servants and feinness at cetera
1911,this evening well assumed
1912,relapped as and decides for the restaining
1913,oh sir said missus poser rather lond you wouldn't be like at all
1914,but i do not with him to distinction that he should call tobaye this talent if you conseiu our happiness
1915,he had a good after type and catelic good story without laughing was selebrated for as whittaneour bartage in his sociable manners but he spent his life at home seldom going out and seen hardly anyone because he always been a pipe in his melt and was surrounded by a theatest twenty cats with which he would have mean himself all day
1916,he not one is consert
1917,i should never have ask you thllow he had been here for i remember you don't like inguish cooler
1918,looked at her mother ever let her gone
1919,her banding was graceful anatimated she led her son by the hand and before her watch too maids with lacks lights and silver canninstics
1920,and one more the sort of
1921,of course he did not realize that it was eye who was not in but men the less has condect was very uncouradious and indeed under with her instances rether suspicious
1922,though only thing necessary it was too thick seth bronnels and this contents arranged personally
1923,they were now alminated by the morning radiance of a goong child's disposition but later in the day of earthly existence might be prelibic the storm and were alint
1924,the large letter contained sindeed entirely feeble and ill john figures that is nere the childis in failing work of an affair hand it is not characteristic of garfic or any other school
1925,there she sat on the loople to stare shift as i ever saw
1926,i get quite to my nease when i go down pick charles
1927,looked at the now he got into this place and looked out a hast sload with the flower
1928,he had the faith in him that moved smountains
1929,who is as a slang probably speaking
1930,the olectic light and scarcely petetorte to the dense court which is trop over the fear of on which the battle of the elements is about to be waged
1931,the child had a knit of grace which does not invariably coex is with that must beauty it's a tire however simply i was impressed the behalder as if it were the very garbed at precisely became at best
1932,if he to keep were in oath must lose what an joy by his life's star forty mood
1933,just as it ill my fore reachehim
1934,yes so they said but that what i think happened works
1935,it is induction said i
1936,i have come to your shores mister president with the purpose of seeing how things are progressing and this dissey quarter of the world
1937,on fighting confession will be heard all the outenin after beds
1938,he glasped to hands on the desk and said
1939,and be sides poph's ea different medicist
1940,the horizon seemed extremely distant
1941,how man that that while the first be attitude promises the kingdom of heaven to the poor of heart the second the attitude promises also to the meet that day shall possess the man
1942,i should not sust sook and shifts fells of crowleys
1943,if this matter is not to become public who must give ourselves certain powers and wished ourselves into a small private court martial
1944,he won't hear where and everywhere and perfect contaired
1945,henrie laward with a degree of page deed to his credit had been her facer of so lollage at an doing one to colleage bhove had reside his post oorder to right a science of signs of intext poors
1946,money i regilied to do into the barn to tell me to see the widown
1947,the wind ever lose but to entire increase strange the vast bank of hany clouds was a heads resigned on a fearful windy guests and rushing stores
1948,the shadow of the raft was clearly outlawn upon the surface of the ways
1949,someone else goes to rein up to tricularly effective which i saw he was not following
1950,enigmally was by his side nethe flash and then they both began feeling about them to ascertain the shape and character of the slaught
1951,several closed words a pilgian espening wheel in an old box white open and stuff full of colored rags
1952,each will never serve about the equal well to you that are near state of associal breath
1953,any one there about with her pold you that biss was one of the richest barns are on the divine and that the farmer was a woman at a chance or burkson
1954,and the face grown red
1955,a side dimnination in the excessively high temperature which had prevailed for the last bewieched was the only apparent change in the general order of things but whether this was to be a tributed to any occonoration in the earth's order the was a question which would still require several dazed and decide
1956,the fall mouse fellil at the top
1957,you see i vert down i life without none kee the silent one and there was no one and town the ene of thing
1958,not all the door at shem to be comperverty
1959,for in the times before the great flung won't enter the great iss that master of cities and did the boleness deeds and had the basketossugges of any other the face of heaven
1960,but the bare anstead of a bang maintained a seat of had taken and growled
1961,the colorists says first along as my delicious paracade was ruby so this masty by perceubly black and then as the question can i round him off even though he is want and make him sly and yet spring and closed down clotted like a pool of black blood blood blood blood blood blood blood blood blood blood on the earth all the standard
1962,he had a lot of fly anne and the plates was none too freed for a long cast but his impatient she dropped his five again when the stock where the niccondition was speeding
1963,but observe and can only do this on one condition that a striking oster to create inrality the beauty which you seemed in imagination
1964,so there came a step and a little rustling offending jere please the small door opened and rachel entered with her hand extended and a pail snial of valcom
1965,the draver had such a lordly guestsbefort grew none
1966,she meanwhile has to her life with her carrans in the strictest retirement never being herself be seen but shun in every eyelife that should read her misfortune in her face
1967,on a vent should a far corner where at dozen eight of other teeth
1968,he never there is a sign of the puffice of the precesson
1969,a sudden impulse came over him to enter and see if they were indeed the pruce
1970,he has given those whom too much grace not to have utter still to die if they required which is the clase at the present moment
1971,but there is always a struggers sents of life when the sun is brilliant after rain and now he is point down his beings and making mysscrpples among the wet skrow and lighting up every patch of the  a green moss and the red tiles of the cowshed and turning even the meady water that's hearing along the channel to the drain into a merror for the all build ducks more seizing their protunity of gidding a great wit is rich body and it is possible
1972,it's such a fresh of the year they leading an arch shriek and then there's the roal at speak looking young man who are on the correston and sere thousand we come out
1973,the europe they had come from lay out there beyond the irous sea stirrel but strange tongues and valley and would the beggard and sisit down and unt trenched and martial races
1974,along the nat clock had struck dicsof fine clear night there were the only persons on the road and they sought a legialian alone to void pay the price of fatigue for the recreation provided for the totalleeven's indevalient or on the banks of their river
1975,in eighteen sixty two alah was in echiew with a purpose of suppressing or a lirach and has had been virdicted in the national sent it cracked to its passage it lay for minnee years a dead letter
1976,the atmosphere's charge with vaporous provence that you went truceda generated by the evaporation of singing waters
1977,then sifs most ambitious desire was to enduce the captain to go with him and end his days in his much loved home and so insessably reserved acceseaers bethe scriptions of the unparalleled beauties and advantages of this eighteen our own dismal a paris that he could scarcely fear the name of monarcher without a conscious thrill of aversion
1978,for the great barn doors are thrown white open and men or busy there many in the harness and the dechepirin kendness of mister goby the wood all other way saddler who entertains them with a latest treadlesting dasset
1979,you are my old and i must strive to know my shames and praises from your tongue none it's to me no i to none live but my steeled sense or changes right or wrong
1980,my wife on the fur the moment matters to give the jounant a very good near
1981,but i would not street that a time because i wanted to refresh lane memory
1982,the famik that it was churning day was another reason why it was inconvenient had the wed as and why a consequently missus poyser should stold molly the housemaid
1983,he felt the travers on through the slender yellow figure at frot of him
1984,how can ye told lieute the key in the door
1985,as a man or fair to could not tell me for i lintered by the side door
1986,two mosters only recreating all this commotion and the formal eyes are two reptails of the primitive world
1987,royal like other intered because it was in engineer that
1988,dismissure squire robbin had didn't me good eaten he
1989,why and here a world cold fierce to drop creation than
1990,but we have now ceased to advance and that it we at leave that salamonts which it the first shock at a tempest they capsizes in the moon
1991,but that wise and placid woman and there stread the speak robble a great delebera than love enderstood her step
1992,to relathe her from ball he laid his hand with forests upon his heart inside to like the believe me
1993,how my way the end on the shiporesseems
1994,i am old and there are few like me whoever loves me flatters meant whoever flatters me pleases me and whoever pleases well said not allay you do not finish
1995,the satitude is your water so impaticularly developed and those who consider themselves better than others
1996,the present chapters come only touch upon the more sailing at movements of the civil war encavasioes which happily along saw her now if however they in the gigura and more accidental cases of lovescient could be respied in would show a startling anital get off barbaria marilla i wan a loss of life for opinions sake
1997,you will take me unboard type he not very not till
1998,indeed he had looked away with the curpose of not see
1999,in the fur dead now signs here said he
2000,was on the loss they objanuary that the repairs of the skinner were completed
2001,in accible fact there are doubtless various factors that concurred engibiness the fielding of greater or less remoteness and some remembered a things
2002,in one blace i beheld a room was a raised platform for the ruinof family with aliado brown jeerse with a king in queen and six moller but retully in ostroyed chairs for this mammals prince is
2003,many laws excessed along this dinecount a part of heworse as they were an undeed time
2004,i reconciliation between the two complete being requirings is affected by resorts to make belief men and in to contelike observances and social truth is to the ceremonionature are developed manor of an esations of home between some species of thicketh a muneologian and bothered in their official statumnty choke there are smuch'd coming and going and a del pope to the end of the talk is made no cavication to refrect unlocked as the affectionate communitalia feat to the end of the talk is made no cavication to refrect unlocked as the affectionate communitalia feat to the end of the talk is made 
2005,this day full of a success of which madame showed no acknowledgment he thought of nothing but bowling regaining the marked preference the princess
2006,no one saw him duthis for all were looking at the powder of life don't the woman remembered what she had been doing and came back to the cubboard
2007,the wreth was heat up i was remain and pitch down again and a distance a tweef valours
2008,nothing was sweet done but to put about and return and disappointment toward the north
2009,vived aponting lady is who had said they would stay divent of course frank heaven steady they departed to the consequence of a rangements made in their rain to furiosity as they professed produced by the touches with which he had already worked us up
2010,true history being a mixture of all thing the true history and mingles in everything
2011,to keep a float and too rescue from oblivion to whole tbove the gold worried but a fragment of some language which man has spoken and which would otherwise be lost that is to say one of the elements blued or bad of which civilization is to serve civilization itself
2012,it is possible than i may be an a position than to it dickeat some course of them
2013,saturday how this fifteenth the sea unbroken all ran no land in sight
2014,we wish to tom quit an after giving talk
2015,it is harly necessary to say more of either
2016,i want to be doing something or my own and heart
2017,you see my friend it's an incred of the monster the naturious norwhile
2018,the man of the household also can dissomething in his therach men indeed he coming it us it would a still low a descend into the levels of indigence and on the margin of the smiths the man in pessing hales so the chair in virtue seized to assume valueble bits frepirances and the woman reminds birchily the sow expondent of a household's pecuniary decency
2019,he is sufferly punished
2020,chase wake her mercy second each him thirty ezem dear madame
2021,i was you re recur again but i will take two or three into use before the stiffness the instrangement of the slong separation were wear away
2022,the whole party crowded to the scirt or in caspointed out the impression of emacracy in the noist old luvia
2023,then she gave a little of enery chide no onesbad imale so of persons
2024,we'll see return i forbank that we are not so near the coast of outgaria is no magical
2025,at the eneral setting of armprinces always greet he knews upon your color
2026,not a doubt the haggyrforse than oly double were trouble or i should after that my duty to shruggle with me
2027,well i'm going as then she are you will go as land
2028,she was a large coneley woman they were common white and room with no reputation in community
2029,the cail sin which his ardour extinguished itself was appoored in different knowledge of himself
2030,the attemptive consemption as an evidence of well the natis to the cross as a demairative growth
2031,chapter one or in irenitable
2032,that the happirest to attempts to make sichlogy a record of behaviour has did trust his mental making the record
2033,and that grown some ans disposition
2034,he was the last determined to cry
2035,he gave lead to the others very readily entertricked unpreceived by the squire and mistress pits house to the rearf the tent
2036,of marquilder i said this his maid has been for y years hateful to me and inraisably it has become fraghtful and yuwble promised nees and cleaves and given without ber asked me to steep a gang undoubted him
2037,as to any other kind of discipline whether addressed to her mind to heart glittle pearl might or might not be put in a treach in accordance with the caprice that hold the moment
2038,conseil at marled a bird tone conseil appeared
2039,the young girls had indeed make themselves small indeed in visible
2040,here she was teads the birty children and a snell of confused dollars and bodily pospiration was to her times unbearable
2041,the gatherner on his part becoming got full of the negality of emboing miseriemonistic force cans as laws was also eager to secure the help a federal trubes
2042,i didn't freech without direction
2043,my not his actres serves sir even should you require to make a torrer around the world
2044,canarement with my buckingham has been so finally i suspect
2045,he planned at company before the hotel and amended these surrender of the arms bloid to the free statementle a tarry companies
2046,thirty men went after other laze their horns and said
2047,it had been unentalled baron the dark
2048,sipported into the disaicressis may from each of these battles
2049,contined turn a fleecy tuftoom miss who yet some gleaming light left upon it promps down upon the dense floor gray and lose itself in the ope eight and a panish rable lass
2050,that the earth has undoubted the entered upon a new orbid but she has not incurring any probable risk of being percipitated on to the sun
2051,he will be observed that it more goneized alog andied my many of the civil and military officers of the zarry with governer bobbs of their head henry proper and actors in this business incited too he had appears it instantle hatred and by the additional ludice of pluggar had revenge
2052,always shud and a word
2053,the wood flame ups blendedly under the large brooming copper and itsside so deeply
2054,the air there he said syouting potite with brown plazy head
2055,the instatoo was not volund mary vindure now it no concert was summoned more further effort may and read or fearing birth nor violence seemed buck in desguise
2056,the ness what the fed of the whole corps was a fed also for the mysterious and habitants of the forest for certainly the dear in the brain the phisic' on the branch the fox in its hole or all listening
2057,directer passed for a catechesm to hear the lesson from
2058,so saying she led the way untip to followed by the children out of the room and round by a simpletisfued to the biabs of there
2059,that we'll be a querthine for two deanessure
2060,said another voice with directing the world full chairs catherine
2061,active of length was easy and using
2062,unall this twenty severe eighteenth thirty seven she rites
2063,the alpa whetheng was that they had not quit the no other villations and that his own affairs took up all this time
2064,that again there was no no one way to loop recave and england four continuous warming and mister addison informed he that as a reine angen started before the ship left new york and continued rutthing until it reached its tone port so at engine for his burglesses of the purgoose light out all times
2065,taken no place as sea with a crisp of conseil to you
2066,you are work leave the bare precipily this per cropped they wanted as wept among them
2067,i sit down in a small table a way or comes immediately to inquire amount just
2068,it is so everybody but for the last street weeks nearly weaning his annie snaff but that sir to cut to
2069,never didn't he adjute to buckle as up he's suit case for any country whatever shino or the congre in that an hou far off it was
2070,for a five was the latter only langered about the door of the prison of uncas sweary closeberbers of the manner in their captains
2071,there are treat will begin on winds day after mood and honour of saint frances the save year if whose feast day and his atterday
2072,your cartley replied him john and while the true house just arrests for a fresh ourselves
2073,the recognition in visice does not monsterly involve more than a habit of association the kind of object we are seen at the moment is associated with the word cat or with an odditory image of perind or whatever other cares asstage when they happened to recognize in the capt of the moment
2074,here gerr go and did me changed moons furlily i have it say
2075,braggle on watched for some time the cresk of the two lovers listen to the loud and unsillestlumbers of many camp he snowed as imperiously as though he was glooming gold instead of his violet suit
2076,grandfather was alexandro carry el aldeali doctor of loss that is
2077,also false though it's too early for them and came the explosion
2078,hester could only account for the child's character and even then most madely and imperfectly by becalling what she herself had been during that woman to speria while pearl was inviting her soul from the spiritual world and her bodyly frame from its material of earth
2079,the little set down the knowing look cannotiny with the case of roses and she led him a sick in a bold and chair by her five
2080,jack would be convenienous happy husband and would he made a mist the hurried duties of the edilworld
2081,and beautiest up fingest a fingestly oh elp
2082,but then the picture was caught as quickly asked him
2083,does be think that be utstatud sex months
2084,come come on gaining really tired ad rabsence
2085,he was through food at five that be concuded orditive in the turry expedition to you tom i said le to its dalse certain federal officials into repress and elegent infent however villain which had fat had never come into existence but in reality to further their intriots of the secitious
2086,fandly the one birdy would off he saw to and the other was lift in isolation the old
2087,the close her eyes and took a deep bread as if to draw in again the fragrance of those days
2088,the old servant told in quietly as they crespected to gave will that this passage way let from the hut in the pleasant to surewood and the jeffered for the time was hiding with the outlaws in the fonest
2089,the bartly describ's load over the sire
2090,tater pleased ma a butcher and possibly
2091,it was the first great sorrow his life it was not so much the loss of the cotton hisself but the fantasy the hopes the dreams built around it
2092,i carefully avoid any oppered of the fronal pepation and ecsent trecity which might leave those i live amongst to suspect the nature my pursuits
2093,is an other was off with the end of her he lay to do so
2094,and yesterday from the things were on just a fusual
2095,an abrupt of walk to the streets blessings wes showered upon him by all who saw him lessing upon his beauty upon the mother the borgham of on the father death be gaughin abound those who brought him hath so well
2096,so dark that i could you nothing but a few sparks some heart
2097,she was dressed in the rectalisy she caused to have the maids i elchers a plaint black gill with a white apper and cap
2098,instead of choose the old man wore boots with turn over tops and as blue coat at wife and st of gold brage
2099,and looking up too towns towny
2100,ruth was glad to hear that though hed made a pushing to the world and she was sure that his talent encouraged would make a way for him
2101,not once did he cone in on the lamp or the hardships of the jarry
2102,sir kington orderle is a very fine plair said my wife
2103,the draguuponto's feet and the light check upon his wings were an explicable tin and uphaling
2104,we have come from a forestond no new place
2105,now then let enter the city and enjoyed the straith fietess being cooked d'arnarly starn myself for the scoundring king dones as hard to wark
2106,as the same of the pressed comments against of the retality of the sterious icord of paragraph from the quincy argus march sixteen eighteen thirty nine
2107,i don't uncle suppose that but of the three he is perhaps the least unlakely
2108,there is the slyng of the confected lady as well as of the preciousness
2109,interpenment was this gave our hand
2110,i had scarcely know what i have been saying our doing out to this time by as he spoke i looked at my hand
2111,alice and her paced up in digning alway but name un unwounded minus overcoat which is she returned and took a little the little girl
2112,month a shake hold of for robin to give him an ord
2113,cried went of the women he took no notice of her he looked at me but as if in stead of me he saw but he spoke of
2114,if it be glanted first that the elose of a certain catch art she beneamed the odd hamself and secondly back so iliquette or the appet of minking aloud is in opposition to modern stage tanked big how wilson's elote the beaubointed without damage to the play
2115,beware up making that in their states
2116,a broken tipped lad was lying there also
2117,in an image of a well none face for its ample some parts may hell more familiar than our earth window shaftens we have more believe in the accuracy of the familiar parts than in that of the unformiliar points
2118,come on what did you can to do that is in every cousible contraction ie put in an hour and alless
2119,he cried and high doubter just as if be owned a hole of the petters and good disposes of them all to soothe his fancy
2120,under the simple press of affection miss for advertising which had expected fina measure and the comspicked his consention of goods dividing the field of peculiary anilation pretty evenly between them a field set
2121,from the respect pain her on all sires she seemed like a queen and from the adder ration with which she was treated by two or three she appeared in object of worship but queen mother gave the french the most affectionate er cents was her native country and she had suffered too lot him happiness in england for england to have made her forget the most affectionate er chee flance was her native country and she had suffered too lot him happiness in england for england to have made her forget the most affectionate er chee flance was her native country and she had suffered too lot him happiness in e
2122,there are certainly wasn't in into it in order to be a neath to believe that is tree it not to have any and or open had drop of blind a pine which the warrior at the rest
2123,dearing his watch i slept
2124,for instance one day the children had been plain upon the piaxo the transfix and other point things and finally have gone into the house leaving all the things on the floor the pixo instead of putting them away in their places as they alternad done
2125,the most vain as of them all was the over through of the island of a plantece
2126,the most he could not be myself
2127,exclamed so vagah keep me i unmoved at his tonest hope
2128,do you think so she replied with indifference
2129,the death of which i drump could not alas
2130,i am now tall and my branch is spread like the other is there carried off last year one
2131,historials at least perhaps from their own ignorance and inexperience have not remarked and the head law in petuous comduct each poity carrying two or battle where now our fortune chiefly determined the success
2132,shall person the possessed not art jis not enough
2133,is the going to the hearly meeting ruth asked for a thigger else
2134,i don't always succeed for sometimes when enteaching our sowing i would rather be reading and arriving but i try to deny myself and my father's approbation and ple rewarded me for the convenition
2135,again he searched his own gods nor in a peculiasu assembled for
2136,you to me a great on art
2137,the letter ran of this follows
2138,she considered for a moment and say no i think not the way i'm glad you ask me
2139,and so one take it the ange when i gill and it say ah yes or something known committel about sort
2140,departing from thought under thousand throats three cheers burst for the necessasion
2141,then turning to jane she asked in a somewhat ulter tone has she been a good girl jane
2142,and ferst thou because i banished and had seen no more
2143,i had nothing but miss brown of ener
2144,no words were spoken though latin words was uttered save that of wailing in a histon and that somehow was indistinct as if it existed in fancy and non every ality
2145,and then the church was disantrpoperated and its property of real and personal cluff is gave it and if she added to the government of the night its states and although their personal property was soon bestored in the said of great value along lane and hands of the court to sever and the woman church had to pay the national government high rental german high rental german high rental german high rental on its clung property
2146,they constitued to differing waters a facts which coars fund to each other which of are boys into a choon of which often rainforth reasons
2147,then turning towards me he says that i look like a fortner and when i say that i mimitalian and begins to speak to me of the poor the city of the atars and a last he offers to accompany me averywhere
2148,one precedes without understanding it a hideous smarler sending all ost like u and act excents but more nearly resemblaned the howl than an articular my word
2149,over the track lined city streaking on men the greating man pass
2150,no said the tree
2151,but as before the leaping waves of the rapids where too much for his pursuer and you leave looked a flap his way owner in the cows aromant old due hung lollo of his head general tated to strike
2152,only for a men at arsue
2153,yes something advery things and retul hardly looking from england at a flower which mister willing in her fingers
2154,yes we are certainly i replied evacacity but after you may go to turn
2155,but what in camp in pudding an opinion a scattered summer a group wild crowled himself the outskirts and a room of courtey resonance for a form pouse the old dreading corridge in all elevents save a stanger was eddy as i dare
2156,the first lot we tested i now glassed half which not only began to live but has no need to sense
2157,sometimes mary taken as fixed and such as any fury of memory must arrive out
2158,held a watch to for the corner threw magne  c ccarcily greeting dark shadows roint by her eyes feig
2159,they crowled and the long pleading furrow the dinner away of the whole can told mistake and for the nineter than he kiv
2160,his mother had left her to her as being her destined protector always he saw that he too was insensible she was undertaking after it and would have done so had i did not come to himself
2161,those fellows are all there said no even made home
2162,while these honest persons are waiting their turn to get their snuff boxes filled
2163,i'll ain't him
2164,he changed for anything without so dark feel on so coward look leavely
2165,fair he was twelve miles away of by ten o'clock vegerable at the county drail
2166,i want you get away from at all school which
2167,and we clair to you for what i have said no only you could have left as young men out since you went dinner room and as have locked at horriday when out
2168,the grounds become lost in the distance
2169,then to be or not leave
2170,but its course now ets bearible
2171,his housekeeper had the management of everything she never allowed him to be in need if i do but she gave no account of his money she kept all together because he never asked her to run during the accounts
2172,the vicious character of sin is brought out out the words who gave himself for a sin
2173,seril there must be somebetter with doing ijece through the other line of a metal and then i quit here's or fetther son it had no bodies
2174,but we were to know the sum blacked to nothing
2175,he has no temitions to brind him regride him and his impules is to break away from the autumpation it's father has bulled and we can be waved or himself
2176,he sought his shifting men that hands a brothen you
2177,lady large first are suddenly in trenchworken
2178,than i will get me a found under that are in that land now very a fallowing
2179,yet here awweed with an asshort rain to the storeroons and not a sign of a trail had to brosst
2180,and out to premade useful an wasteful both and suitality to conceal remaining a poose and waist in the most varing proportioes
2181,he mought him they would prepard his all raised came and fell in some of a larges to ease
2182,it will be my friend and great funct of fright to friend
2183,and aloft befolds
2184,she then rose humming the air to which she was presently going to dance
2185,are no venture to hold for sige reply so considered in its time so said in its starred
2186,in the nature of things led jerry some the conquers of life blind to the legiclass
2187,a great saint saint frances save your
2188,he had got into her corpuered
2189,i had in name i believe in my young days but i have not mits since i have been en service
2190,george won't feat will never forget this may
2191,you refend the continually speaking of foremen the mattition bo thy entormal and competic and i must the san chance
2192,sir march substinct
2193,nothing is of the gluberies then the contemplace in thus in its neutity in the broad light of fought of the holiforable sloring of slain
2194,she promised to do this and she mentioned to me that went for a moment disburdened the light him he held her hand thank you to for the sacrifice she already felt her warded
2195,he detested the graving dispusishes some but would advour to take a barriage of his evident desire to help young dates
2196,no is for doth less surprised them they and a better to a shore himself will so wonderful affect he begged though cader to give him some token which should make perfectly care to him that which indeed he did not doubt sensit was oftentative by his peps
2197,so persuasion wore her and treaties and so strong resurances that no harm whatever could result to them from the influmination she saw they went just to confess that one summer's night the same chate ventured themselves in another friend being out on the store of the delfful they happened concern in the adoption of a girl who were dwelt carried off was the rest of indian doction of a girl who were dwelt carried off was the rest of indian doction of a girl who were dwelt carried off was the rest of indian doction of a girl who were dwelt carried off was the rest of indian doction of a girl who 
2198,as a hanging agreed us frr getting into odd corners
2199,and the morning to go ony where for six months
2200,the girls said the young man
2201,some narrow i had grown nervous
2202,they stuffed to bout the fir tree and russelled among the mabransions
2203,oh i would not venture to demane sir
2204,there are my bedover and took our innoce arms keep her hermout and her wet tired eyes
2205,and gentle sleep the sleep of death and gently here the voice of him than walked in the garden if he killed
2206,is the one with the worst record
2207,all the cercumstance pemmittee that instant this voses menting a wooful favor upon productive efficiency and out of their inns of humanus
2208,what have he went us and he gath
2209,congratulations were prolitians or proliting the printece every wear joined her julie
2210,a box when anneuropean to measure for it and putting young if you go anywhere its in a box the old and pinint and shirt in my disabilities
2211,we's n't anxious my uncle i said seeing continually with his glass to his eye anxious
2212,it will apply must be not really a good place it but a success of why
2213,i discovered it put out affair that would have destroyed the reply the mortial levery think the
2214,cried by and never sine your darry you may sir during missus boys her
2215,a supper cetery smell of nighteogs and fills the air the eners disprowed with fills the larks
2216,catherine wave the torch to and crow as she resisted as a bittle lines written for some such purpose as that which crombed them together to night
2217,we might provisionally there perhaps not quite correctly defined memory as stabliy of knowing about the past which has no analogue and our knowledge of the feet such an uphenition would at least serve to mark the problem with which we are concerned though some expectations may deserve it to rench with memory as regards in mediucy
2218,what can you need by that miss woodly you talked mysteriously
2219,who had t commander was gained for a man
2220,the roman was empty way entered
2221,yes i need repose many things have agitated me deny both in line and body will you return to morrow i shall no longer be the same man
2222,the leaders outland spear see became distrustful of their power to crush the town
2223,but aiming and i understand than all our good times are over we could not forget that i stands together at any more
2224,the tuguse were separated robes horror and the same had disports the nests and was shut un a squarren cquearelight in the forest when the trapers resumed their journey
2225,there's a while a well cried the professor
2226,the late astonding events however had rendered to the cold manifestly uneasy and not the less so from his consciousness for the count secretly particular his own anxiety
2227,the night was clear starlit and splendid the tempest had passed away and the sweet influences of the evening had restored the fifth peace and security everywhere
2228,for long time did a hill d a northartley spoke
2229,there is an wine to the floor an owfin the deep out of giving the muni is the times the scheer and there was a gravely use about the admires you then accurs he prayed his failure writes
2230,you letter has given you great pleasure and i sennot for give myself in my denight how you so
2231,the very hall of mult of a farth
2232,he spoke simply but painting up and down the nere a soul intrenot them
2233,the littack of nervous possibly
2234,the definition of my experience is difficult brought they speaking it is everything that is convected with what i am experience in now by certain lengths of which the various forms of memory armand them most important
2235,plantial had not the command of his historials which would have emabled into the juniors the pear thing work or the bard
2236,yet little as it was it have already made a vast difference in the aspect of the room
2237,it could not be used for a latter lady or deposition no could at george to er rich batterness all of which ore easily with in the ability of the due a thornt
2238,felt uneasy he had escapped in she she
2239,my lord miss notice taste is not a cragged on min yet is thaught two rough iron
2240,the poniment thunderstops neggeth reposes before the king
2241,that old jackes and united states a turns and mute who another moments nor lovers have womanizon refused to intertain complaints tigueu cases under the law because of its manaoffest injustice and inacificy
2242,breathing over all these matters the mother felt like one who was a boat despirit but them i regularity and the process of conjuration has failed to win the master word that should control this new and incomprehensible intelligence
2243,will had his more shir joung listened to go on the gabiner should require the aunt minus of larrorins and almost roar two sir runner to shoot for angels the netween or as followed came out the double in truths and fort leg him to go to go to the double in truths and fort leg him to go to go to the double in truths and fort leg him to go to go to the double in truths and fort leg him to go to go to the double in truths and fort leg him to go to go to the double in truths and fort leg him to go to go to the double in truths and fort leg him to go to go to the double in truths and fort leg him to
2244,when appride it in the ate tavilli he had been on the point of quitting the army a twenty eight years of age but unexpectedly he had been appointed orderly to captain serve deck
2245,come forth one and the silent bannie when i answered queen
2246,i never as an these cases of the meaning subsen custom has to de dark to with upon relish and plements of high to inhumpti it easily applies a reffected unrific kirkd her
2247,let us run then said althroad and gracefully lifting up the long skirts of their soparcise they lightly ran across the open space between the lake and with the histop over of the part
2248,there is a satisfied of their safety the scout left his position and slowly entered the posts
2249,anyhow is jolly exciting and i might not as i wan't all i d
2250,he had for his own town residence of being house filled with the spoils of travel and the trophies of the chase but it was to his country home and open place in assick that he wished her immediately to precede
2251,no sound breaked still sufd like
2252,it is cost me to by sixty dollars and noise
2253,and then may become fexed and with a single drore personus
2254,the wearing of kiniforms of labories implies acconciderable degree of dependance commate them besed to be amocogosatid are as despet
2255,fast as his legs could carry him they are the dak had made his way to the top of the cliff
2256,this that one could allow held it in streay years and the world
2257,prescribed where the simple and cleasiastical powers of the empire the dominatist still maintains in some probances particularly indimitier there's a peerior numbers and four hundred bish of sackknowledged the jurisdiction of their crying ate
2258,how town a place where i guess often gibbs a good dullers for poor corters
2259,in the court heart hard some of the married shoulder with blame who had danced at christmas round the fir tree and were so glad that the sight of him
2260,pole in a possum not of mean eccetter
2261,he was more than you know to sell
2262,the churcherben uffecture who says love clare five love basket d calm him burnt and is the honest many affecture of smiling
2263,mister popular excitoret it nothing but on the countery eft much i anseed in his marriage of the family and possible to warrants
2264,well whispered robin poeting his domercis pulk i realiti
2265,no harm would have been done had it not been that if it had passed her door he perceived the key which had been left by the carelessness of your servant
2266,i delighted your kitteen
2267,the princess certainly was beautiful and he would have dearly liked to be kissed by her but the cab which his mother had made he would not give up on any justian
2268,yes the perhaps i frightened him in what way
2269,it presently considerably through moties the sentry father preciably the jistification of the sing for the sake of coismards one
2270,there messelliss junction in hamlet put into proctise many of the ideas now standing in yard i am secured much must bo blater for the work in the watk of which the story has just entoned
2271,we had meeded resign which they were two bottles of look with
2272,not but den fresh nnolhi is waiting on you good night husband
2273,he doesn't say this sacrily what it is sudden a little deepenessly oh it something about land and breath was and he knows father the fortunes are made nothing knows except the hair and a new country
2274,master montgomer altha sheriff of not in ham was mightly put about when told delighting
2275,i am gold and lighted my church oat
2276,could it mean to last a love said henjulous between sorrow and sorrow
2277,but in each it the traditions of her own and other lands or by east registrate forever in our temples
2278,lle his wait for me a marrying anne and waste
2279,i am very tired as swimming about oh mouse
2280,i say that's different abserved marken alter in his demeter
2281,he often stopped to examine the trees nor did he cross a regularlet without attentively considering the quantity the vilocity and the color of its waters
2282,the mother in managing the case in this way row is partly unconvincing the reason of the child and partly on an appeal to her affection
2283,and in that mean said capitain of whice the tent your company of subjects at tis among it could thus
2284,he seemed to warn to please without being conscious of the power he possessed
2285,but hockack i who is too much occupied with his own thoughts to know the wind continued speaking more to himself into his companion
2286,there is made us capaccontinued
2287,his wife now eyes beside him and the white shanned that monks their graves bleams across the wheat theans
2288,of starting i didn't know the way to come
2289,to nothing there was no need of extrified and there were great service to be observed in minding the fires on the harbout steads
2290,thank you did i don't like it so well as this
2291,as used in the speech of governdy life to what carries of the tongue of depecation
2292,he must look at him in the face fight him horker him with what scave you may you need not link keep out of the way of him
2293,we may be stopped the fact may be put to us in general turns which is one way of itanuading it we may be told that old trades profession was it may be added all the accidents of the social hirer agiin all the accidents of the social hirer agiin all the accidents of the social hirer agiin all the accidents of the social hirer agiin all the accidents of the social hirer agiin all the accidents of the social hirer agiin all the accidents of the social hirer agiin all the accidents of the social hirer agiin all the accidents of the social hirer agiin all the accidents of the social hirer agiin all
2294,spoke the squireliness of opposition and it was to me with that i gave und madd our personal consolition
2295,or of the habits of her people it is quite impossible
2296,a first impressions of people are in ninety is as it ws gill for an freshes
2297,we must hiver see the absertity of it
2298,and he would go don't know i
2299,for shame years it was not found peasable to operate motors on alternating cornered surgets and that reason was often the greached against that seriously
2300,in the shining of share of jones and lawns and in the refusal of excevinent reader to allow the dead bewild marshal to arrest him they discovered gray the fences against the terror toil and night of say sloss
2301,did any one know that these prophes were there no one save the pretter
2302,and says thou mother of my children i have loved me and i have given the account that none can take a way
2303,i hope they told the elders that father and i responsible to general and that much as these loves music these never in the room when it is played
2304,but i say that spring in building surve
2305,when the loose cans sobbit to me saw they raised another gray shout for he was the favourite of the soldiers and very popular with all the people
2306,this one reason no or own joe the unlucky said the woman impensive of theting tone
2307,his legs the best shaped of court were displayed to great advantage and flesh caller themself in hose a soake so fine and so pranced parent that it seemed almost like fush itself
2308,old it unglad to get his place moan
2309,yes yes she heard her poiing i am jean away from him
2310,she was unwollingvaried in the church of saints the well without the sightest opposition from the venorable breast here forefershari they antich chantellerancy of the corchange annel said that her provision is an after us has a penineer of all mankind
2311,i finish till retained rankin against him and his present mission they passed in silence while his well wishens more generous and prudent but completely desmarched with tears with at lenations and with prays for his safety
2312,browness the prayers and free and thought is the peas ned swept them he is sitting a sincratic glay of poles to loose an wasteful mouthless the plans of embire that neglect the poor at the gate
2313,and one then stood a great fireplace in which a blue log was glazing with a blue flame and there were the fire hung forth it as in a well all bubbling and steaming at a great rate
2314,here cosemes you know all cousins
2315,he held in it hester was constrained to rush towards the child to pursue the little off in the flight with she and varia below the giant to snatch her to her brison with a close pressure and earnest kisses not so much and over flowing love as to assure herself that pearl was flesheng blood and not other lady did you sift
2316,his topryn wate one day to the mansion of govern a bell in hand with a pair of gloves was she had friends and been bordered to his order and which were to be more and unsome great occasion of state gord though the chances of a popular relation had caused this foom of lare to descend the stepherd too from the highest rank he still hild and unrabile and inco wincher place among the common oak magistracy
2317,yet his honorable bushep is within but who had they godly manistore to with him and likewise a leapes
2318,to some herd of an ground
2319,twenty like to be doing as it
2320,we are of course and caught able to judge when we rocking nowns and octar that we have seen it before but this gentment as something over and a bar frock of nichen in this first sense and may very problemanly the impossible to animals that nevertheless had the experience of rephymission in this first sense of the world
2321,many if not all the exert was of the priesso credit follows a feet are included in the tenus
2322,my eyes flow its years when i can trasse the blissof such a state bring by hopes of the future with melanchoicy ned now that then on certain that i ever felt shrield contrishion wondering in front indeed longing through the contriacian wondering in front indeed longing through the contrition wondering in front indeed longing through the contrician wondering in front indeed longing through the contrician wondering in front indeed longing through the contrician wondering in front indeed longing through the contrician wondering in front indeed longing through the contrician wondering in front ind
2323,some of the touches indeed when the tinters benixt with much water have been laid and little drops of rods so that the papeman might christo last fart at the deds
2324,as he is age unalso the man of miss master jaken statement very somewhat from the averatizen
2325,to such bursons these individual descrining children and abd at several the nation to their will or rattle any yielded to their influence on a special useful
2326,this has went did mischief so far as the running way was me so
2327,why it's a wight that a suscrule little cry peering in
2328,but circumstance was most remarkable
2329,we'll take them from my private freshmen
2330,they are chiefly for from commentions of the impressions may inchildhood
2331,how brow in the mountains who came home i wish i had an addlet to know my erchant
2332,i will get discellect
2333,slane mix fun to the triber
2334,now be sight on order lives you began that the captured applentice sounded and instanceschant
2335,it is a varies skill them storn
2336,doubled nine two three else an orp the double mile dress blow at a your viracial hand was beating
2337,they asked him to come to see them an chellsing and they spoke very tenderly a pillar
2338,in the standag cart the cail at onless the party of the hand
2339,her manner was near a dependent nora sert of but rather wood of well bread composer and call relights
2340,they left him then for the jailar abrived to an locked the door and a scort thint and office
2341,the condition is that i will be permitted to make leapor talk america stream why him said step because you'll never get people whether inner outside the lupid return actually to read looser in must he make himself as he would ought to be to amarkans
2342,we launch and arms to declare till you in argument about came to permit that she had actually as thou hest at it
2343,i'm not depreciating it what i say that in these times it is not rare
2344,she was at ten tent gently ingratited
2345,at last all the squiry and plack in the poor earth gave will
2346,steamet up and tend this sprung our started interrupt
2347,they think your proud because you being away to school i suppet
2348,he continued his pretended search and to give color to his arand made us to arrest
2349,this thought however did not enter the heads of the enthusiastic pair
2350,but i shall hell only one stingham
2351,yes and fall of your fingers at circular fatural the king frowns were angles
2352,now this night was a splendidlor though half the blade was gone and the hamd was a little brack and anders moon that one is all most a man as so as one has a jaggment
2353,sighly changing her course she first struck her main sail and an order to procilitate the movements of our homes and soon carried nothing but her two tops helse reguntine and jim
2354,i be
2355,it takes me several years to make this magic coward but at this moment i am his to say that is nearly done you see i making it from my good life marvelought when once to you some of it for a purpose of her own
2356,the young hairsocree
2357,the fact that i made come recite appoem does not show that he were numbers in a predeous occasion in which he hills were signeth the quarretted
2358,the dialof is framerica concerned with the animal creation including under this true only bodies and with men knilly as one among the enemynose
2359,hope that one answered the tree
2360,alway is no live on the sea and other men racher props and colful meals
2361,and in that a time heroida
2362,the nautilus nearly pairishes in the entorpric and mamo sinks into a growing depression
2363,like this time orch elder a while do return and disgusted rather with myself i remembered unni want from spending ship
2364,save he masters but used tartle me rarely
2365,the fournest travelessedy on the administration of loss could be thought before the court of last resort and their met with the reversal in reduca deserved men where it prison under sentence of many years deration
2366,it is evident bethful that the present concert of the appent is in the dark suffied thing they attoated composebecause consumption as compared with lezare
2367,he's not a man for conscience for hers
2368,can both were consent in these individual precises are the spirit of denserance refused to yield
2369,but suppose you said if i am gone to writing my people always say my manages home or good and fife her punch
2370,i toll him to give me some caught he if it is good
2371,oh jist lift first tis latchery in my great mind lose king regins to up my and i will no s walk with his dust is green and to his palliad dark prepared the cut if it be poisoned tis they less these sing let mane eye losit and aft first begin
2372,oh matters a much only seems tanned up stayed smility to you
2373,the years of the dead went her dine were ten
2374,the captains cosemed
2375,she was gone i am try norvous ecquisition of searious duties and little company a really great schooliness
2376,i made a little difficule came towards brand at hall over a shoulder
2377,when you intend that the john bright shall start
2378,the prince was in three long slips i had left him all together
2379,this attitude springs who affalse conception of sin the conception of san as a small matter easily taken care of by good works but we must present ourselves into goblitha good conscience there we must feel no soon before may feel that they was given for arsen's
2380,i see the need thy looks as chanced in do in the new sun with souls that strungle through their happy eyelist from an unofhold yet connical inward joy
2381,remain i am cloring to the gatline as must lovely
2382,to the surprise of all and especially of with him a procock the line indicated a bottom at any of a neau afformed death a from fortified fathoms and although the sounding was persevered with companionistened from or them two hours over and sitter of the laria the differences of level were insignificant not corresponding in any dugry to well the beespected over a considerable aria the differences of level were insignificant not corresponding in any dugry to well the beespected over a considerable aria the differences of level were insignificant not corresponding in any dugry to well the beespec
2383,her face was an innaclap for in spired every one with the lore mist sympathy and yet if you examined it attemptedly there was not one petiful feature she did not be all handsome but no one could have thought her ugly
2384,marga aloud had first made the girl with a little ham from the pat toward quilt and then she had dressed it with the patch work skirt and an ape hnd with pockets in it using the same game a terrial throughout
2385,but in this friendly pressure ross to take the mother's agitation of a great internal conflict
2386,thus difficulay and by torton thought a comfort his unhappy daughter and her mother and brassy hergin it all she could to suit a feelings
2387,i heard the noise beyond turned and so catholic his black eyes shining why in his hand he held by gleaming night he lifted it up at his head as if to strike but i had the strength of ten men and i had hearled him friendly
2388,it was a pain to see them and a sore of light pain to see the silence of atole isn't that note wook permant there were seat about lockiness
2389,owing to his insistinc on o pressure direct currant for use and densely populated districts as the only safe and truly universal profitable way of delivering electrical energy to the considerance added soon has been frequently spoken of as an apologe of the altar naving current
2390,every mile in which the master clases it even were soon rememberging as lovelin and set down of a meditate of congues which mixed these two etions cake abour being placed the side of his tranquil work of hola by her dear
2391,we're smuggling a house clinging pareful anihia anter this seller window on absurd that afternoon who proved it no easy tests her simpier had had added a whisper and dust hand to the outrage
2392,embracing and frogeteive about the nature of gobl
2393,truly such a horse would be worth me to nothing him fair
2394,i was through satisfatic with my cabin which was located in the stern and open enterty officers mess
2395,and achieved the cool snap
2396,what is called a perception and the first repesensation by the fact that the sensational angriant answering up habitual associats images an expectations of their usual coronels all of which are subjectively indistinguishable from the sensation
2397,hedge of friends
2398,the hopk sat upon the branch and walked his quarrels splining beneath a surface
2399,but as your maim lording asked the little stole or presently
2400,a fresh wholesome looking boy was convinced was steady gray eyes can be teleghten for head but a sensitive rather week note
2401,i knows farm isn'better order than any other with intenmilisle of us and as for che shin he added smiling i don't believe there's one in the kingdom believed
2402,effects in the younger deurs and this use of carts
2403,if the count were on board astrange they callitted with bringing him to the presence of his rival
2404,you have seen any of them no sir
2405,we looked for that marmuage i have not been no rear heard neither half entered into the heart of men
2406,if it but it but
2407,a quarter of i hour after what he returned to the theatre but it will be readily believed that it was only a powerful effort of the reason over his great excitement that anable him to go back or perhaps for love is thus strangely constatid it he found at impossible eventure remain much longer separated from the presence of one who had broken his heart
2408,it would have been more wonderful head was spoken without a biting
2409,they were voyaging across the deserts of the sky a host of no mads on the market for which in high over iron westwred bound
2410,two hunter boyes they said his hall and followed him the vatal
2411,the strouble stood their partner with hardesess now they had some chest of beating off their foes
2412,villars of course i difference between no in the temporal relition ever remembered evant to the present and knowing the time order aftew remembered events
2413,it will be need disappointment to me
2414,than the good had been level with the dogs away to go and ne
2415,cost thicks to restore
2416,the inmates bain removed at the appointed hour if you cannot all for four deathstone walls
2417,i am going to the corrt ball answered and there's
2418,till thoris said the thirt it all commitering soon
2419,so as i did pushers diler
2420,it is two ten fall of life so love to peace and raptions cold young seemed dssending wait by a wife wings upon bomi flowers and court the fair i do to take me to her shining tent the week in vurging friendling meals before the risen son
2421,the first of these touches conveying that the wittansteamment took a tail at a point after at had in a manner but gomb
2422,but though have gitthe forted and he wrote an king this ronts and deplonying because he said would at the skin with fell and if ill
2423,i expect you have been a very good girl and delah since you were here last
2424,at any rate i say go
2425,come blew not to the second post
2426,simiments too books miniend in their own your lecture did not touch no which humory had all closely
2427,we were mowbed yes standing hose
2428,the crisps is holidays came and she an anner return to the prosmings and to that happy home circle in which alone their natures expensed amongst all other people nations from a batmoroole less
2429,the new circulated with her appetity of lightning during its progress at kendle every variet of cocartry desire and while theimbission
2430,suffice stust not least have been relued and the fire old forture gay the hint of its real erigues and polloush
2431,what great sink saint saint the proxis the same ear
2432,every plan in the grass set floowly for us perfectly and maybe we weal us complaintly
2433,it will be fell used their pudding their heads down and saying come up a given beer
2434,edward with himself he tried to ahe high disfaced from their eyes by gazing down sideways to the shellow sword water under the branch but he still saw her fliction therein of their top have you so kets and to a long table pollars the bloost may hang the marilla lovelles rother again
2435,instead by six regularly if iliattiliuded members and at most two square that hereants the organ enation than this to day may be hungered thousand sells
2436,i ought to harder talk of you and the same sort of way
2437,whereupon late that tquietly spell open on the ince of harsh with the smile eyes
2438,it isn't say i it's on the frontier and on the map of whosting beyond is marked indians and desert and hooks as to that as a vengeal leading pierched it was thamper had to do something
2439,and he would wait good his books and to his waiting her of opening all to name earther signified entrance before what are all regred
2440,but that is come to his life
2441,i've been pair of oathnica he would take in our job'll like a man
2442,the hope of latingal adent bridge and sat uprightfundancials as if surprise
2443,to whenz our maiden and before this crumbled with an air of great gaberness indeed one geels said in realiting the guest wouldn't clench all of the loom and dance ay hava all at chuck i have a mow and finished but the outers better strengthes
2444,to story it not expect the list
2445,he wore blue soap stockings blue leappenns when bold weapols a blue ruffly waist and ajacter of bright blue braide with gold
2446,when i stay is all together autom in the count
2447,it is froggled that the relation of the ideas to god were of god to the road was differently conceived by him at different times of his life
2448,but furl who was a donk was child after frowning stamping the refoot and shaking her little hand with every idea of threatening gestures suddenly made a rush at the notte of her enemies and put them alto flight
2449,men submitted that a glate about the nature of god
2450,which showed our eyes and fours look long we murmured by the corners fell we choose at shattering the son that cares than shines be heard this still
2451,after pondering a while he said if we were far there awed i should expect to find a depth a two or three hundred fathoms instead of five fathers five fathers five fathers
2452,asked fondy in intensity was slipping down of the polysiarms and crowding up close to dasp resign
2453,and dismaththat of treating the case was much more affectual in making them disposed to avoid committing a similar falt another time then any direct reneutes or expressions of displeasure a dress personally to them would have been
2454,why differ satisfaction up lifted him like long smooth waves
2455,in the rean time i had found in the idea of her
2456,he was soft harded in a patuous said then and being a love eaten astound to count the constant to count the constant to count the constant to count the constant to count the constant to count the constant to count the constant to count the constant to count the constant to count the constant to count the constant to count the constant to count the constant to count the constant to count the constant to count the constant to count the constant to count the constant to count the constant to count the constant to count the constant to count the constant to count the constant to count the constant
2457,valla indeed was very generally diffused of it the one taught he as well as the other hearing this period visitily also was a tank by the forces of the minitary oct and from serting in the general clayers of action and the operations of the field sings still on obout sides to have being in a great measure of want to
2458,the haught embitted by the loss of his first quarry they because it dog and pursuit as a weal not to be shaken off or vaded or deceived
2459,i dragged him spelly is never fold and on board went the gold
2460,i exected grown dining in to the son how i couldn't
2461,do me my chagitord boxer betting to be off brommerofe converjusiance who was plosed with the compliment
2462,the telegraphic committee figured out a way to do this
2463,that's not much of a job for an admit here i think to town and back
2464,did not the dancing of music no
2465,all that brussed day said i think that what you have done it was great hope said to you and without an endow you will make rapid progress
2466,there are threlly one day out of a hundred which has hold excloise and summi
2467,they gave up his position and said the family up in that chim of a house s'so he couldn't study his books
2468,i'm glad you like it says wilder chuckling beneath leoning over his shoulder
2469,haw have bee wicked any more side old beauty our rofarer
2470,and though i have grown serene and strong sometimes i think it got his will a still renown boheam
2471,there are hairfully the magician were moved as powder placing it altogether in a gold and dish where he mixed it with his own spoon
2472,secure as he thought and the caaffier had been in espatiant of justice in that city and the character of its well disposed in habitans the good had algo was far from thinking that any disaster could be fall his father
2473,conscrawl yourselves in my tears replied the duelin room the worst punishment and you are hung and the dum any one this prisoners of thought to supper you will see a very pretty catching my royal daughters
2474,i'm suiffed with long city says lyich firs lies i turned at the farm
2475,sometimes that yearning for a smoke a merely crazy not of an ow which his worse dining one way are other
2476,and then you can tell what carrying very much but it made no difference
2477,since last thirst aid i give this as old had in the warful boy real of the bullcon's yea but now that you are comprehen like me in journan now that you are comprehend to you have no bore with all
2478,it was quite true than a vastal was in sight pardly more than six miles from the shore but owing to the increase in the earth's contempcity and the consequent limitation of the range obvision the riging of the top masts alone was visible above the water
2479,he panted to tow if she too you or knew and care of not old care and new not
2480,he darted to the trees impaused a tall man strongly but swimly made
2481,but the more of yet fulness had them prevailed the more powerful was the force of remembrance when she awoke
2482,really that fright skillful a time with face and kent and flushed it was out now
2483,this severity by which montros sulled his victories was the result of private and elmscitiege in his chieftain as much as of zeal for the public coals ah girl celected him three thousand man marched in questivity and then we had retired with their plooder and he lay at in erlucky suppose it himself still at ha considerable distance from them
2484,that scomber the rains had been so many and out or two that it was almost northern she bought her and his man could do that the epoch because the orchard was an exceedted bildings
2485,look at that he held out his hand
2486,and the old badly made play he was frequently association of one of the characters to take people into a companions
2487,miss woolly was too little vursed in the subject to now this would have been not to love an arm at least not to the extent of breaking through engagements and fne of the very stops the coass that still mediate against their union
2488,holl thise plettings all we a cook and careful and we will not let them will anything and anturnly woman
2489,well thirst and had found a line of latting for them and his beloved hearts and said be splendid pokes for union the heart fires shines
2490,you can be guened by carrying a rise and down the fierce
2491,no name's please said halms as we knocked a docross you
2492,i can sting wish the outer of the ate a source glowing like a bad hut called it is large as a man's head
2493,i relied on thinking much about it mister horms
2494,its origin was small adjured contignative conceiling he carling to be thought of as lightly to arouse opposition
2495,uncommate at the door of a how send a cheer pleasant face down him dressed all then blue opened it and three to the visitors with his small
2496,the trick and then
2497,no no no tody and get her feet wet said missus poyser carrying away her iron
2498,if the prositional was drawn and they chan settled with the victim of the forts check than the young men would be allowed his freedom
2499,when called before i told how hastily i dropped in a frae frowners or break off from an aidie
2500,i arre rubbin with his espition still among him
2501,the stop acquaintance tell the keedness passage of the mercy with things that he noted dimly through his growing impatience
2502,they are beyond all other works than i know existed determined for their fect on mose of due tends their favorite toward the time of daybing either honor twilight and even their brightest sunsets produced chiefly out of grapel
2503,words wasn't colorist
2504,i'd beneath the cir much being bounds of diet but where i most i mean to have just swung would shiver to relieve not the affect
2505,i believe i had a little taste that way though there are wheel you know those jewels
2506,you know amazanner mean home of the proplexity often to protect behind some and robins his peak cheek with his blood finger do you know i sometimes they put taking to christis and serious reminds out
2507,this was a formal orray of advantages slavery was playing with loaded dice
2508,to cood are i don't cry he whiskered
2509,hold sit david that proceeding that with this asserts they were about to leave him i am an em worthy in humble follower of one who taught not the demonaportensible of revince
2510,for that mot summer to shannel may twelve eighteen fifty six
2511,when i found it i said to myself that it would do nicely for my servant girl for when she was rot to lie she would not be proud nor haughty as the glass had these for such a dreadful mixture of colors would be gentered from chine to be as dignified as the blue much genzara
2512,deliberate and a strong tone of a cent i not the gratification the savage would perceive and witnessing such an exhibition of weakness and an enemy so long heeded and so much feared
2513,on the table and took him that the sentiment of old english hospitality had not been left behind stood a large puter tankered at the bottom of which had hester or peral peaked into it they might have seen the froth in rendent of a recent draft of the law
2514,wanded brunting to the house and see if or the can't spare when her two more maids
2515,i know no such place said betreen
2516,if you should not be a good girl what should show sign of making us any trouble i shall have to send you outsome liwere to the back part of the house until we are gome
2517,where the way miss frontinensense sank they came closer but not quite within grasping reach
2518,your majestic plan then and this affair is
2519,in a moment he could be unicated as thoughts this companions and in the next moment they resolved to turn back and carry arouse to polieve me all or the rich who are open handed always fine parisized redy to encourage their bad provinces and thus to could see this wicked design to communicate it approve it resolve on radish on the occasion and to canyone at his approve at resolve on radish on the occasion and to canyone of approve it resolve on radish on the occasion and to canyone at his approve at resolve on radish on the occasion and to canyone at his approve at resolve on radish on the occ
2520,the earth is not to lose his hembless to a chail
2521,i see walts at accle in my day
2522,the art of respot and then widdenly in the sun
2523,by a leave our daughters
2524,then said sir for men though there is nothing for it but that we must take you with him
2525,so those of his which are by right the procriee pointment of the measure prosine neble such as govement fighting hunting the caravals and equitoment and the like inshorped as which may because this istencity of pettitory impliments
2526,a gold frightening was shining and clear sharp lights and shadowy
2527,now when note as horror ever excluded study
2528,must have alread and thought of his father but wi he counsel
2529,sell it say mister meeting
2530,fly was out of the question now the rest missus rose they realed around our little raft with a repiderie crage of them that of expressed from it
2531,with many profications in loud bolfications in law profications is the present propertions as gradually count the ging niaveral was felt to be right and banding that weman should comseil only for the benefit of their masters
2532,i said alias
2533,we have never understood this sort of our prections
2534,but here there was at a terrible disadvantage as compared with dianals harks and egots he had no rendeng walls
2535,ooote of the fact all loft night i answered fighteen is better for summer
2536,then dear said missus witmay you must be kind it heard and ever thank what it would be for one of you to put away from home even among friends
2537,the valley is in a depotist said to nation
2538,a little schlen did come often was driving puffy hyght clouds across the sky
2539,thus saying and pressing the course of fixed her abost she fell phanting into the arms of darnatus of fondah who has a gentlewoman and whose six pity as the natural as cultius to land instantly pressed her wils to those with a thinking girl shudding over her asso many to use that their need of no other spent the wood water to recover their padion from her soon
2540,hester crimned nevertheless the love amother of this one child grand little visitor ariing on the side of undosed severity
2541,on arriva at home and my own residence i found the more sureled with the brilliant with him
2542,although the breadth and with be another passes or myself yet there all of her mind with me fink right in cheeces of thee
2543,all that i'm dearing as to you is its lodgecal tenability as a help in the annousive of what occurs wendwear notes
2544,since the period of our tail the act of spirit of the country has surrounded it with a belt of wich and bright and seventeenths their none even not relieve the savage is of a moon even not relieve penetrated swild recesses
2545,my bad was acceptionably comfortable but in my venough i could have wished it the greet to our modern
2546,the principal and palled in the utition electrilited meeting is that which exemplifies the pale of the lectricity to make of compares at comical sunstance
2547,i loaed trim to the flourtune
2548,by one morning there came acquainting a people and set to work in the loft
2549,but your power is so superior to any the accommodmance as to make a sheer feel that there was a vinege sprace in the evident him
2550,she is fine for yunitic tought bold mound tritolenia and to the lean sound appointed his
2551,rich joyce in martylone fresh youth
2552,i believe in the train in the people to their hask capacity the englishman here hardely cercumed it him
2553,he would pacing swiftly up and down his room
2554,ah to shoot myself who meaning into future years that they should wend it utterance and solute love that indoors frank life the disappearance
2555,to suppose that the object of this work is to italy in affecting such a substitution as that is entirely to mistake its nature and design
2556,just at a moment when the tears of the pitting the whole gost flowt fastives and their rejacuations when most expressive of despair the occasion against signs or recover and brought back gladness to the hearts of all
2557,poor reachel her nature required from the seat and she told at all again as marchet of the truth as she dand
2558,though there is and just of thought he's going into business
2559,he moved on the easily and a chair creak
2560,you know captive to deek
2561,what then a human hand large and shavely appeared distinctly on the surface of the barn
2562,yes play servext use me for rading to you second time i cannot help bringing parliament tainful i am three kindness and partly sledging no the year rish unabout he wasted however sorrowfully ander unct me immavid  immavid  it for spollowed see thee
2563,alexantra country to hands at his side
2564,he waight and really the meter place i'd pursued every life of an bresstigation imaginal that the all end vain
2565,doubt was but rustly so don't go inclance in their doct
2566,when she is too made a dog him you will his wonder whether she was in the little in love with him
2567,and the domn was three and accommage of black dearly play
2568,the honorable charles man miss sarah's brother was walking swiftly upound from mister easterly was feet office and his face was pale
2569,the dissuges would be fulfil for properless gutting from tree with braithes of the end hundred
2570,i remain there alone for many hours but i must know as that before elephachamaross i had gradually brought myself to look at the matter and another light
2571,for many again this work has been a source of fascination surely one of the most imple entral naughtless ever written and inspiration for such scientists and discoverers as into near sign in life or should out her for william be poor little at learn his sharp other
2572,barshes for pit me again this wonning for the third time
2573,the life makes and other distracted
2574,and old his brothers and sisters stood rattle and listened with their mountains open
2575,now the obvic of this solvicqly is plain
2576,i think we did she answered to merrly
2577,he must descend with his heart full of chairity and suvarity at the same time as a brother and as a judge two those impenetrable case meets for crawl tell now those you leave them those who cursed those who fast and those from curse those who fast and those from curse those who fast and those from curse those who fast and those from curse those who fast and those from curse those who fast and those from curse those who fast and those from curse those who fast and those from curse those who fast and those from curse those who fast and those from curse those who fast and those from curse those w
2578,and may be that a great color was were used as utmost force of color as a single his forepower voice but lot old little the virtues in their cases always in the fine nevery mountains
2579,he returned carrying his jumping shoes which our provided is you are where with the firl sharp spikes
2580,he stood a little behind her and tried to stay himself as he said its often missey see how like the stars or
2581,he made about so deep that his back came near breaking and he was done gound it i can tell you when he saw it was nobody by anders
2582,it's where the two warning of his from to sing don't you feel it
2583,where joyce in nine grove the sunbeams
2584,it must be as thought is the meditory ond ye whether land and ronick
2585,bartless starting when her the rang a little delibe decider dear me why did you do bat
2586,come to me men here he raised his voice still latter
2587,it has been my privilege to tread the swolled minney lands to obey the customs and studying habits of mornations with one and i get to find the place in meet to people where with whom the purity of man and woman whose held more precious than among the molied mormons in the mountain vallies of the west
2588,asked importance and influence of this grentle fertion
2589,yes point out thought anders
2590,may dear end in never heard me say that all people are called to pract their work in her families
2591,mister addicine was a leader forward had of the time
2592,in experience coatsys
2593,so nortains got up to the new cris beside if a long was for my good fall of cornel's hengeath lay
2594,i have stared and i took you into my confidences to the studcent of the side table
2595,i had to weat overcarefully as the text miss be absolutely correct
2596,he whomssolve recited the same passage and french and polite and pointed out of the parts in which he thought that i had it proved on the original
2597,who was it she was in loudly and the story will tell i took upon myself to reply oh i contrate of story the story woat to saint unlist mult an any natural volume way more's the pitted them
2598,said mister erwine with his stately cordiality
2599,i adex at a widow's own doing to window for her
2600,in a few moments he had the chariois dropping smiledly unto the pale and he began to sweat his side with that long even stroke that the young man and boys ever bell
2601,come shouted out on his open palm in the glare of the electric light
2602,there are however several points in which such an account of recognition is inadequate to begin with it my soon a first sight more correct to define recognition that i have seen this before then as this has existed before then as this has existed before then as this has existed before then as this has existed before then as this has existed before then as this has existed before then as this has existed before then as this has existed before then as this has existed before then as this has existed before then as this has existed before then as this has existed before then as this has existed b
2603,to this his answer was promised on the ope sank god now and is the recogners
2604,he had preached so that ideas about everything and he has i do have our maritives they should the eggineers or achance
2605,harloloportedly ranged with both indow at the third are ended behall and looked along the best of a garden walk occapadent with costly shaveng grass and bordered with some world and imald attempt at shedbury
2606,that evening trought gave a grand all in the palace to which the most emplorinary of the pinki's on ellie's gaze were invited
2607,you will carry i with you wondered men of a north whore breast burning had a reginal which are proud leaf suffice for your own sturdy as it is thought that of mister never ben be with drawn the people will rever is an it to their old habits of obedience
2608,when the king comes to paris everybody calls out he fill t lie
2609,became down to earth lived among men suffered was crucified and they he died standing clearly before us so that our hearts and eyes who fastened upon him
2610,to say nothing said montelling so i might mite much as out ditenae shere on thanks at the native the only one who knows it
2611,as a bustom count the wollers into the water i made this song in saying
2612,we do not know how plaguel would have emptomes his own dialoges or wetter the thought of a regionsion any of them besides the two harrs expressing connected was ever present in his smile
2613,i ve very glad
2614,to grow and go on to get old turr and beat hall old that the tree that after all is the most of might full freed of moral
2615,i think i must show you my patch were girl said margaea laughing at the voice astonishment for she is rather difficult in the flame
2616,will be given a quarrel was at the worments
2617,this was a course of said blushing and only them that the cap on me was really interested in her note pans and would at just his opinion of her to the prince of her verry
2618,it was invited scapticions and window in the subject and while the room thought to up if for granded but anything so utterly intagible is oblictris subduye but could not be seen or award and only gave second very ivordance of itself of the exact on the use could not be brought to active registration
2619,but his mother hundred close
